OBJECTID_,WardID_,WardNo_,Crowded dwellings,No piped water,Using public healthcare facilities,Poor health status,Failed to find healthcare when needed,No medical insurance,Household hunger risk,Benefiting from school feeding scheme,UTFVI,LST,NDVI,NDBI__mean,concern_he,cancer_pro,diabetes_p,pneumonia_,heart_dise,hypertensi,hiv_prop,tb_prop,covid_prop,60_plus_pr,Ward_HVI_1_OBJECTID_,Ward_HVI_1_WardNo_,Ward_HVI_1_HVI_PC1,Ward_HVI_1_HVI_weighted,Ward_HVI_1_HVI_PC1_standardized,Ward_HVI_1_HVI_weighted_standardized,HVI_PC1,HVI_PC1_standardized,HVI_weighted,HVI_weighted_standardized,Climate_PC1,SocioEcon_PC1,LISA_Cluster,LISA_Type,CVI,CVI_standardized,Ward_Category,Cluster,coord_x,coord_y
3692,74205010,10,11.78,0.0,91.69,6.34,2.54,88.02,36.35,46.18,-0.049124600023051,28.43036205223739,0.115361822023384,0.365519494277152,40.0,5.0,0.0015,0.0005,0.002,0.0035,0.001,0.0005,0.0005,0.0005,3692,10,-1.0675894606842515,-0.06203826320367767,0.3329997012335213,0.4391669315792239,-1.0675894606842495,0.3329997012335212,-0.062389626080699784,0.46273052473399384,0.8326032230449539,-0.9390136178734992,3,LL,-0.062038263203676496,0.4391669315792236,"High Climate, High SocioEcon",0,571617.3460662634,7101127.797778164
2390,79800001,1,13.43,1.63,83.82,5.64,10.54,83.44,50.33,58.62,-0.029890344494737,29.03613962560344,0.127434811212227,0.359613503125447,26.923076923076923,3.846153846153846,0.000384615384615,0.0,0.001153846153846,0.004230769230769,0.001923076923077,0.0,0.000384615384615,0.000384615384615,2390,1,-2.569987902460258,-0.761630731739387,0.1832694286792885,0.24883308624603795,-2.569987902460264,0.18326942867928764,-0.5755682134639364,0.32871336249385835,1.099797155666925,-2.3471122916424503,3,LL,-0.7616307317393908,0.24883308624603637,"High Climate, Low SocioEcon",2,584038.2897673728,7069897.530117433
2391,79800002,2,37.54,0.0,88.13,5.2,5.57,85.63,70.01,65.64,-0.033191764120685,28.867685456696083,0.133617554115601,0.360369033166919,57.692307692307686,11.538461538461538,0.001538461538462,0.0,0.001153846153846,0.002692307692308,0.002692307692308,0.0,0.0,0.000384615384615,2391,2,-3.1743817739259828,-0.8892171999460734,0.12303503506683623,0.21412141595449397,-3.174381773925977,0.12303503506683659,-0.5679556538916263,0.3307013909431107,0.9258080530054903,-3.49530986496712,3,LL,-0.8892171999460705,0.21412141595449422,"High Climate, Low SocioEcon",2,587439.8835240526,7067649.203269179
2392,79800003,3,16.03,1.58,90.0,0.0,7.41,56.14,50.54,54.28,-0.044875516341945,28.503578492501322,0.130552731639018,0.355435343767283,30.769230769230774,3.846153846153846,0.001923076923077,0.0,0.000769230769231,0.002692307692308,0.001538461538462,0.000384615384615,0.0,0.000384615384615,2392,3,-1.646309337963577,-0.48064443181817873,0.2753239991373762,0.32527931080572614,-1.64630933796358,0.2753239991373756,-0.2251375795459901,0.42022871460386935,0.5580570116545921,-1.5208973207323684,3,LL,-0.4806444318181808,0.32527931080572503,"High Climate, Low SocioEcon",0,586187.1042360053,7070999.906280086
2393,79800004,4,13.77,0.0,84.38,4.64,0.0,64.37,56.42,56.8,-0.060230178498377,28.006825040818335,0.133040433372206,0.353161775460388,38.46153846153847,0.0,0.000769230769231,0.0,0.000769230769231,0.002692307692308,0.001923076923077,0.0,0.0,0.000769230769231,2393,4,-1.1988285890961565,-0.4033934750373366,0.31992030104214103,0.34629650627459774,-1.1988285890961632,0.3199203010421401,-0.2684916883968662,0.4089067405728185,0.06865298518340468,-1.1847070237309072,3,LL,-0.4033934750373402,0.34629650627459624,"High Climate, Low SocioEcon",0,585417.4956678397,7073237.718929274
2394,79800005,5,15.01,5.5,84.4,4.14,7.12,66.93,48.61,47.53,-0.009148044353919,29.747087869099932,0.136683592743871,0.380440513363988,53.84615384615385,0.0,0.000384615384615,0.0,0.000769230769231,0.003076923076923,0.001923076923077,0.001153846153846,0.0,0.001153846153846,2394,5,-2.555500316500399,-0.8978142379901618,0.18471327349042813,0.2117824723794839,-2.5555003165004035,0.18471327349042743,-0.8694831527215756,0.2519571472742338,1.9576517837622924,-2.041359481861756,3,LL,-0.8978142379901649,0.2117824723794825,"High Climate, Low SocioEcon",2,580248.2214889055,7073380.11686373
2395,79800006,6,7.94,13.86,91.88,7.54,9.72,91.65,69.05,79.63,-0.02567082497646,29.162541124141082,0.145587507599605,0.376332066781121,65.38461538461539,0.0,0.000769230769231,0.0,0.0,0.000769230769231,0.001538461538462,0.0,0.0,0.000384615384615,2395,6,-3.2588763036013946,-1.328833182405258,0.1146142402857356,0.09451778359047286,-3.258876303601393,0.11461424028573555,-1.156949386634555,0.17688501867018874,1.306737084079813,-3.1129882602550714,3,LL,-1.3288331824052564,0.09451778359047273,"High Climate, Low SocioEcon",2,588627.9513899414,7076719.524169439
2396,79800007,7,21.17,9.4,89.94,12.42,8.57,71.97,46.33,39.56,-0.058351280986247,28.030613374887416,0.151322438471482,0.336988965035167,46.15384615384615,0.0,0.001538461538462,0.0,0.0,0.001923076923077,0.001153846153846,0.000384615384615,0.0,0.000769230769231,2396,7,-1.6201987692245488,-0.5509745476971334,0.27792620003504165,0.30614502620430933,-1.6201987692245516,0.27792620003504104,-0.4245414231290035,0.36815417775883447,-0.4075436680337904,-2.0313887884987505,3,LL,-0.5509745476971346,0.30614502620430845,"Low Climate, Low SocioEcon",0,584749.0913349732,7078241.723608083
2397,79800008,8,13.73,8.72,70.89,15.21,3.66,61.42,42.58,47.28,0.009305041889943,30.35010047063013,0.137531718767221,0.359835199808353,42.30769230769231,0.0,0.000769230769231,0.0,0.0,0.001153846153846,0.001153846153846,0.0,0.0,0.0,2397,8,-1.8205393590422654,-0.9657627823914173,0.2579600909903447,0.1932961273681474,-1.8205393590422705,0.25796009099034395,-0.9524459783509804,0.23029131254217614,2.0730328670509177,-1.0317743593764324,2,LH,-0.965762782391421,0.1932961273681459,"High Climate, Low SocioEcon",2,584495.044139702,7085923.402117654
2398,79800009,9,0.0,2.84,42.8,11.5,1.88,43.91,6.89,10.7,-0.060127556943398,27.867287635409088,0.171270196781194,0.3166015431467,61.53846153846155,7.692307692307694,0.003461538461538,0.001153846153846,0.001923076923077,0.001538461538462,0.000384615384615,0.0,0.000384615384615,0.001538461538462,2398,9,3.1560660237672025,1.310142587971236,0.7539327036097195,0.8124877857092514,3.1560660237672065,0.7539327036097195,1.291112935598074,0.8161992330171808,-1.1092482924429106,2.365054084437084,4,HL,1.310142587971236,0.8124877857092507,"Low Climate, High SocioEcon",1,585565.5483702576,7088905.609401592
2399,79800010,10,25.29,3.16,53.79,5.05,4.58,57.81,45.02,51.31,-0.032832370920893,28.860440686613217,0.139011058202167,0.368891281482703,46.15384615384615,7.692307692307694,0.001153846153846,0.0,0.000769230769231,0.003461538461538,0.000384615384615,0.0,0.0,0.001538461538462,2399,10,-0.78317135156829,-0.2640964458703496,0.3613450454598844,0.3841941972836717,-0.7831713515682918,0.3613450454598839,-0.2732443258632881,0.40766558398120417,1.021874414332562,-0.5356089997739738,3,LL,-0.264096445870351,0.38419419728367077,"High Climate, High SocioEcon",0,583642.9052239944,7090738.394337732
2400,79800011,11,17.69,0.0,92.06,5.85,3.93,80.64,50.27,43.25,-0.015507366669169,29.41087091783018,0.159840410208132,0.330634470437771,50.0,3.846153846153846,0.001153846153846,0.0,0.000384615384615,0.001538461538462,0.000384615384615,0.000384615384615,0.000384615384615,0.000769230769231,2400,11,-0.8974115247364975,-0.43527902987978245,0.3499597752216524,0.3376215983293372,-0.8974115247364938,0.34995977522165245,-0.3135024702641687,0.39715212453003956,0.5407065235977088,-0.9710806586258525,3,LL,-0.43527902987978107,0.337621598329337,"High Climate, Low SocioEcon",0,586994.3415764081,7091696.98599249
2401,79800012,12,24.18,0.0,72.09,6.16,6.16,81.64,52.13,34.17,-0.014000998609464,29.59917699961857,0.100247978769536,0.390480146710817,53.84615384615385,3.846153846153846,0.001153846153846,0.0,0.001153846153846,0.001923076923077,0.000384615384615,0.000384615384615,0.0,0.002307692307692,2401,12,-1.9913124113676333,-0.6585553641160198,0.24094070721131935,0.2768761712723111,-1.9913124113676268,0.24094070721131972,-0.914650256649265,0.24016170755049143,2.440242391538138,-1.0686629147852846,3,LL,-0.6585553641160165,0.2768761712723115,"High Climate, Low SocioEcon",2,585317.3424459537,7092752.1342501445
2402,79800013,13,3.23,1.61,72.01,8.81,3.97,70.48,36.12,40.42,-0.0379083933981,28.679564689187444,0.142145504353787,0.341493624931108,50.0,0.0,0.001428571428571,0.000357142857143,0.000357142857143,0.001428571428571,0.000357142857143,0.0,0.000714285714286,0.000714285714286,2402,13,0.23009990763334756,-0.03480468674447082,0.4623284980467258,0.44657620420976757,0.2300999076333406,0.4623284980467248,-0.031011642831169115,0.4709249201653453,0.3346668457702526,0.34476436162794577,3,LL,-0.034804686744475566,0.44657620420976574,"High Climate, High SocioEcon",0,581783.5572840003,7093293.769175319
2403,79800014,14,5.44,1.69,72.8,7.9,11.27,65.29,31.49,12.06,-0.068164221398192,27.664141656478947,0.137066203039068,0.345640176747726,53.84615384615385,0.0,0.000769230769231,0.000384615384615,0.0,0.001538461538462,0.000384615384615,0.000384615384615,0.0,0.002692307692308,2403,14,0.1673857726970627,0.0767175415692515,0.4560783554374773,0.4769173749766636,0.16738577269705535,0.4560783554374762,-0.07927439160990479,0.45832104932533996,-0.36917093373625504,0.0010892293788956286,3,LL,0.07671754156924697,0.47691737497666176,"Low Climate, High SocioEcon",0,582650.5473066795,7094068.875036272
2404,79800015,15,22.13,0.0,87.95,8.31,10.63,86.91,63.2,54.75,-0.026026733062808,29.185548502998834,0.09487188351589,0.391101755317441,34.61538461538461,3.846153846153846,0.001153846153846,0.000384615384615,0.0,0.000769230769231,0.001153846153846,0.000769230769231,0.000384615384615,0.000769230769231,2404,15,-3.4132405413363593,-1.0516251519454027,0.09923017255376933,0.16993607747962444,-3.4132405413363642,0.09923017255376863,-1.074853795930828,0.1983243740311419,2.176615530264529,-2.684146617695962,3,LL,-1.051625151945405,0.1699360774796233,"High Climate, Low SocioEcon",2,585924.8237943633,7093859.934301621
2405,79800016,16,30.28,1.98,86.52,16.82,6.8,88.88,48.58,26.66,-0.040817474723077,28.597769956621292,0.124755847686743,0.36964449004712,38.46153846153847,7.692307692307694,0.002692307692308,0.001153846153846,0.000384615384615,0.003461538461538,0.001538461538462,0.000769230769231,0.001153846153846,0.001923076923077,2405,16,-1.8057186696801504,-0.050770420264765775,0.259437133162332,0.4422325047116253,-1.8057186696801468,0.2594371331623321,-0.14665301269163805,0.44072504704653903,0.9829937598191536,-2.0044234105577243,3,LL,-0.050770420264763645,0.44223250471162534,"High Climate, Low SocioEcon",2,584496.4190023794,7094221.703864152
2406,79800017,17,26.19,1.95,83.09,12.2,3.91,89.91,47.28,32.3,-0.050828176364776,28.225064363212592,0.140070636803589,0.332886311590734,42.30769230769231,11.538461538461538,0.001153846153846,0.0,0.000384615384615,0.001923076923077,0.000769230769231,0.0,0.0,0.000384615384615,2406,17,-1.0629139525808884,-0.2973149747913637,0.33346566624199037,0.37515663523117865,-1.0629139525808868,0.3334656662419902,-0.1551365730545927,0.43850955576633294,-0.1671029276725189,-1.4750411444321156,2,LH,-0.2973149747913627,0.37515663523117837,"Low Climate, Low SocioEcon",0,588969.055164056,7091545.924582976
2407,79800018,18,13.82,1.48,75.98,6.02,5.78,76.12,46.16,55.24,-0.041542182077802,28.550321098529373,0.14880315577967,0.333739580101018,53.84615384615385,0.0,0.002307692307692,0.001153846153846,0.000384615384615,0.002692307692308,0.000384615384615,0.0,0.001153846153846,0.001153846153846,2407,18,-0.07833771926561724,0.10635467687153269,0.43158934879217137,0.48498056916534593,-0.07833771926561152,0.43158934879217153,0.193985582830298,0.5296831973740841,0.009951080466675095,-0.4566258058733212,4,HL,0.10635467687153516,0.48498056916534604,"Low Climate, High SocioEcon",0,590822.2800018714,7091802.269963872
2408,79800019,19,25.77,32.38,86.23,8.46,7.93,94.15,59.93,65.13,-0.053265820648729,28.10205755628904,0.148996868485758,0.320189698847362,53.84615384615385,7.692307692307694,0.002692307692308,0.000769230769231,0.001923076923077,0.003461538461538,0.001153846153846,0.000769230769231,0.000769230769231,0.000769230769231,2408,19,-1.990433007249083,-0.2934359177424535,0.24102834935383927,0.3762119865644073,-1.9904330072490901,0.2410283493538383,-0.00826069174288195,0.476866356495851,-0.590432172836114,-3.143009104127473,3,LL,-0.293435917742457,0.3762119865644058,"Low Climate, Low SocioEcon",0,587991.4766018474,7093941.616849949
2409,79800020,20,6.3,1.49,87.74,9.61,6.98,87.07,53.21,43.25,-0.063667216660832,27.931311164806093,0.100601158384842,0.379030370555234,53.84615384615385,0.0,0.002307692307692,0.000384615384615,0.000769230769231,0.004230769230769,0.001153846153846,0.000769230769231,0.0,0.002307692307692,2409,20,-1.8909168518329136,-0.24924672462388164,0.25094621179277943,0.38823427014620837,-1.8909168518329127,0.25094621179277926,-0.37042671193291704,0.3822862951313156,0.8461432447013237,-1.765965770660831,3,LL,-0.24924672462388045,0.38823427014620815,"High Climate, Low SocioEcon",2,583074.4061143425,7095606.729099367
2410,79800021,21,16.68,1.68,94.76,8.41,7.27,78.66,43.61,22.62,-0.054265494415999,28.192912644522917,0.105752047553918,0.384126756715046,34.61538461538461,7.692307692307694,0.000384615384615,0.0,0.000769230769231,0.003076923076923,0.001153846153846,0.000769230769231,0.0,0.001538461538462,2410,21,-1.8930510692687026,-0.41643408332377657,0.2507335139161942,0.3427486277134734,-1.8930510692687048,0.2507335139161937,-0.5336717272559022,0.3396546767409405,1.1183753671219416,-1.5209106396754093,3,LL,-0.41643408332377724,0.3427486277134727,"High Climate, Low SocioEcon",2,584475.7631458904,7095763.26127133
2411,79800022,22,18.06,1.99,82.91,10.09,5.6,69.49,38.98,48.27,-0.043222781806748,28.46300781223059,0.138912425843267,0.357065451433592,53.84615384615385,0.0,0.000769230769231,0.000384615384615,0.000384615384615,0.002692307692308,0.000769230769231,0.000769230769231,0.000769230769231,0.001538461538462,2411,22,-1.0088287942619056,-0.24435805274843603,0.33885583789756474,0.3895643012121135,-1.0088287942619028,0.3388558378975647,-0.3225536665772219,0.39478839448639313,0.4962437958529151,-1.0536219587630324,3,LL,-0.24435805274843456,0.3895643012121134,"High Climate, Low SocioEcon",0,589978.1257359934,7093971.802427629
2412,79800023,23,4.29,1.06,10.28,5.4,2.08,20.16,5.44,8.21,-0.04899904752836,28.18840742296393,0.182963803026591,0.34802012001732,42.30769230769231,0.0,0.000769230769231,0.0,0.000769230769231,0.002307692307692,0.000384615384615,0.000384615384615,0.0,0.001538461538462,2412,23,2.7544375674696417,0.7037157093646818,0.7139060791439207,0.6475009327773218,2.754437567469638,0.7139060791439199,0.5947322577007756,0.6343386398725138,-0.37943647515309203,2.915174055739783,1,HH,0.7037157093646776,0.6475009327773201,"Low Climate, High SocioEcon",1,604433.8153597948,7089633.325884697
2413,79800024,24,20.87,35.66,93.51,3.44,3.83,89.83,46.37,37.08,-0.050199082202655,28.28513057696459,0.137877607316647,0.356432739074142,34.61538461538461,0.0,0.000769230769231,0.0,0.000769230769231,0.000769230769231,0.001153846153846,0.0,0.0,0.000384615384615,2413,24,-1.8857524455498489,-0.9192000139620473,0.2514609007986,0.20596417507179174,-1.8857524455498484,0.25146090079859973,-0.8213166108526614,0.2645358935721029,0.3265093760716875,-1.7404169328564756,2,LH,-0.9192000139620462,0.20596417507179152,"High Climate, Low SocioEcon",0,593322.1590669946,7093526.78191946
2414,79800025,25,17.48,9.81,84.57,9.47,1.47,78.92,52.77,60.24,-0.055071440126443,28.092763765792817,0.137956329631181,0.360517976332301,50.0,7.692307692307694,0.001538461538462,0.0,0.002692307692308,0.005,0.001153846153846,0.001153846153846,0.000384615384615,0.001923076923077,2414,25,-1.4656936260696434,0.0024503657904791066,0.2933243105178159,0.45671195856102376,-1.4656936260696452,0.2933243105178154,-0.023919010603421286,0.47277716900686967,0.2536899116261295,-1.9155024671029697,3,LL,0.0024503657904781447,0.456711958561023,"High Climate, Low SocioEcon",0,591473.4996210841,7095267.841911606
2415,79800026,26,12.12,3.88,90.67,3.52,1.94,82.78,33.35,36.93,-0.058616082836805,28.036228648403235,0.110253926950899,0.367637458914205,22.22222222222222,0.0,0.001111111111111,0.00037037037037,0.001481481481481,0.002592592592593,0.001851851851852,0.00037037037037,0.00037037037037,0.001111111111111,2415,26,-1.1694660554745528,-0.21689439436790708,0.32284659545232985,0.3970361708241807,-1.1694660554745584,0.322846595452329,-0.2454430526240809,0.414925917591731,0.6364431846314935,-0.7862638278452857,3,LL,-0.21689439436791005,0.39703617082417936,"High Climate, High SocioEcon",0,594261.2733658897,7095869.204833297
2416,79800027,27,16.54,5.0,72.31,12.06,1.67,73.59,31.03,27.78,-0.061369328325121,28.01168573234217,0.09787097460159,0.379000278489333,23.076923076923077,7.692307692307694,0.002692307692308,0.0,0.000769230769231,0.002692307692308,0.000769230769231,0.001153846153846,0.000384615384615,0.002307692307692,2416,27,-0.7916825715468585,0.13452661156241805,0.360496810230318,0.4926451351824941,-0.7916825715468535,0.36049681023031815,-0.0812042068736764,0.45781707591012566,0.9426289506339735,-0.3384547217357278,3,LL,0.13452661156242202,0.4926451351824946,"High Climate, High SocioEcon",0,595559.0282058314,7096856.390324414
2417,79800028,28,17.53,3.82,85.9,18.32,1.71,83.4,32.81,23.03,-0.064799208025069,27.86911689208555,0.09936596753701,0.375808040285729,34.61538461538461,7.692307692307694,0.001538461538462,0.0,0.000384615384615,0.002692307692308,0.000384615384615,0.0,0.0,0.001538461538462,2417,28,-0.9411608958482689,-0.12800655535049835,0.34559967667622377,0.4212193416907165,-0.9411608958482611,0.3455996766762242,-0.36692357646190027,0.38320114287888507,0.7596433788758269,-0.5711513212352383,3,LL,-0.12800655535049288,0.42121934169071745,"High Climate, High SocioEcon",0,593777.8842580088,7097013.289784522
2418,79800029,29,13.57,0.0,82.88,11.68,5.24,73.71,48.21,52.48,-0.062953960435967,27.911888582222552,0.124530389633627,0.338058935225672,34.61538461538461,7.692307692307694,0.001153846153846,0.000384615384615,0.000769230769231,0.003076923076923,0.000769230769231,0.000384615384615,0.000769230769231,0.001153846153846,2418,29,-0.7798287096969689,0.039642936859011345,0.3616781759161783,0.4668307139617478,-0.7798287096969616,0.3616781759161787,0.09179365526309763,0.502995661157422,-0.18749185146257666,-1.145466071232826,4,HL,0.03964293685901594,0.4668307139617484,"Low Climate, Low SocioEcon",0,594450.7011105373,7098716.10669011
2419,79800030,30,32.99,4.17,88.47,10.17,8.48,84.5,47.34,34.84,-0.06209801770135,27.975169054240755,0.100237389892653,0.389666742117575,30.769230769230774,0.0,0.000384615384615,0.0,0.0,0.001153846153846,0.000384615384615,0.000384615384615,0.000769230769231,0.000384615384615,2419,30,-2.3622230187161897,-0.8188675820153687,0.20397544900331374,0.23326100635988728,-2.3622230187161803,0.2039754490033144,-0.9672520561199556,0.22642468876774538,1.0864470449926005,-1.7240856227274874,3,LL,-0.8188675820153622,0.23326100635988847,"High Climate, Low SocioEcon",2,592172.7319257613,7096866.909294897
2420,79800031,31,32.51,1.79,91.83,8.96,7.58,70.25,42.29,34.24,-0.062150905860721,27.99932369109123,0.086996230909292,0.395568560012512,30.769230769230774,0.0,0.000384615384615,0.0,0.0,0.001538461538462,0.0,0.0,0.0,0.001153846153846,2420,31,-2.15824095499967,-0.7939339008572406,0.22430447035156864,0.2400445605383238,-2.1582409549996746,0.22430447035156795,-1.03966325274795,0.20751442375458504,1.3594060277909132,-1.2699234680594862,3,LL,-0.7939339008572421,0.24004456053832282,"High Climate, Low SocioEcon",2,592675.025780635,7097828.5309833065
2421,79800032,32,4.98,1.66,13.81,0.0,0.0,33.09,0.0,0.0,0.002332459853384,30.0567073971109,0.142047470093619,0.337822321380835,50.0,0.0,0.001153846153846,0.0,0.0,0.001538461538462,0.000769230769231,0.0,0.001153846153846,0.001153846153846,2421,32,2.76451537307841,0.43595823916423276,0.7149104415943808,0.574653795033534,2.7645153730784124,0.7149104415943806,0.36636242575365235,0.5746996027589987,1.3959893250484434,3.7736210631113,1,HH,0.4359582391642315,0.574653795033533,"High Climate, High SocioEcon",1,614128.3313516306,7115688.316693142
2422,79800033,33,14.23,1.47,86.21,9.82,3.27,86.24,49.22,52.58,-0.031310819841261,28.909607598947925,0.124704252142015,0.375692907621174,48.0,4.0,0.0024,0.0004,0.0008,0.002,0.0,0.0,0.0004,0.0012,2422,33,-1.1821806158075807,-0.29902175440694306,0.3215794518430613,0.3746922821370845,-1.1821806158075838,0.3215794518430607,-0.39869436148704557,0.3749041668243646,1.3559791102126884,-0.797566174472761,3,LL,-0.29902175440694506,0.3746922821370834,"High Climate, High SocioEcon",2,586898.5955661024,7094956.857757711
2423,79800034,34,19.42,1.57,92.25,7.85,3.14,85.65,56.46,56.73,-0.043963291586404,28.540384855416534,0.118567526288578,0.365724971165069,57.692307692307686,3.846153846153846,0.002692307692308,0.0,0.000384615384615,0.002307692307692,0.001538461538462,0.0,0.0,0.000769230769231,2423,34,-2.0572085466771135,-0.6084209576826664,0.23437344381047637,0.29051593268931086,-2.0572085466771184,0.23437344381047562,-0.4801409176444605,0.35363430756132175,0.9158193139771922,-1.9549228176208466,3,LL,-0.6084209576826691,0.2905159326893096,"High Climate, Low SocioEcon",2,586236.8421148513,7096428.818091422
2424,79800035,35,35.69,0.0,96.47,7.41,9.46,89.64,47.96,53.71,-0.056394515412826,28.096812825807383,0.117205260760925,0.382671711102533,34.61538461538461,11.538461538461538,0.000384615384615,0.000384615384615,0.001153846153846,0.002692307692308,0.000769230769231,0.001538461538462,0.000384615384615,0.001923076923077,2424,35,-2.8205918634016944,-0.47027152005223605,0.15829403045498314,0.32810140548585626,-2.8205918634016895,0.15829403045498341,-0.5618089593401283,0.33230660710216575,0.8883096160199102,-2.9499449695764275,3,LL,-0.470271520052232,0.3281014054858568,"High Climate, Low SocioEcon",2,587359.5130646426,7096779.965087915
2425,79800036,36,24.88,5.71,85.56,12.62,3.81,75.48,30.72,26.96,-0.061014608153606,27.8113458966008,0.144831789567815,0.354927062187587,53.84615384615385,3.846153846153846,0.002307692307692,0.000384615384615,0.0,0.001923076923077,0.001153846153846,0.000769230769231,0.000384615384615,0.000769230769231,2425,36,-0.736264093975058,-0.09079493887880573,0.366019861586493,0.4313432786578273,-0.7362640939750573,0.3660198615864928,-0.06001281759440147,0.4633512309293677,-0.1288947352176905,-1.0841446270404063,3,LL,-0.09079493887880544,0.43134327865782685,"Low Climate, Low SocioEcon",0,588183.0965492554,7097552.9137629215
2426,79800037,37,40.5,7.8,87.46,8.42,6.16,87.42,45.02,50.75,-0.04875206157007,28.29084442790797,0.145693186001397,0.354625157790403,46.15384615384615,0.0,0.000769230769231,0.000384615384615,0.0,0.001538461538462,0.001153846153846,0.000384615384615,0.000384615384615,0.000769230769231,2426,37,-2.2302153098283317,-0.7836379107910798,0.21713144656124095,0.24284572760192352,-2.230215309828329,0.21713144656124095,-0.7227628395185194,0.29027332121812693,0.22411617252991717,-2.4283433990285572,3,LL,-0.7836379107910771,0.2428457276019237,"High Climate, Low SocioEcon",0,588950.8275265064,7095764.750290759
2427,79800038,38,22.12,0.0,85.78,10.16,8.95,82.46,32.28,33.1,-0.065258690385951,27.745186475098407,0.140674179379695,0.345346819573812,34.48275862068966,0.0,0.001034482758621,0.0,0.000344827586207,0.001379310344828,0.000689655172414,0.000344827586207,0.0,0.001034482758621,2427,38,-1.2261768279987055,-0.38769522010554364,0.3171947529113027,0.35056743450863476,-1.2261768279987062,0.3171947529113024,-0.38946057253382305,0.3773155811402761,-0.34298119380114156,-1.3689550751191248,3,LL,-0.38769522010554386,0.35056743450863415,"Low Climate, Low SocioEcon",0,589528.7998022306,7097344.604973634
2428,79800039,39,28.41,1.39,89.04,18.77,6.22,80.92,38.8,43.38,-0.05362105301564,28.228874669351853,0.114297928828314,0.378579137459362,22.22222222222222,0.0,0.000740740740741,0.0,0.000740740740741,0.001481481481481,0.00037037037037,0.0,0.00037037037037,0.001481481481481,2428,39,-2.0863983971090714,-0.6041366765907447,0.23146435914993332,0.29168153085022375,-2.086398397109063,0.2314643591499339,-0.8841825713258682,0.24811837765999034,0.9400308101178096,-1.5741286422249006,3,LL,-0.6041366765907391,0.29168153085022475,"High Climate, Low SocioEcon",2,591347.9781715182,7098316.958022303
2429,79800040,40,24.54,20.42,94.38,11.71,3.61,82.69,44.35,44.79,-0.068147684305116,27.77209318981772,0.1035230589608,0.374518663134513,61.53846153846155,0.0,0.000769230769231,0.0,0.0,0.004230769230769,0.001153846153846,0.0,0.000384615384615,0.001538461538462,2429,40,-2.0023276524388653,-0.658838074097773,0.2398429191665604,0.27679925609617473,-2.0023276524388693,0.23984291916655975,-0.7617554043685663,0.28009036928259495,0.6007449805561973,-1.8918310905545457,3,LL,-0.6588380740977741,0.2767992560961739,"High Climate, Low SocioEcon",0,591101.940542206,7099622.497262559
2430,79800041,41,24.78,0.0,84.79,3.43,9.75,75.37,60.09,48.35,-0.074333199608202,27.55872216246962,0.096478529883999,0.373283394868456,59.25925925925926,3.703703703703703,0.001481481481481,0.0,0.00037037037037,0.002962962962963,0.002222222222222,0.001111111111111,0.0,0.001481481481481,2430,41,-2.7523844944369174,-0.6286533802588529,0.16509163331540053,0.2850114211879338,-2.7523844944369205,0.16509163331539997,-0.5166181404943451,0.3441082400033006,0.48622677863843766,-2.8641206410101043,3,LL,-0.6286533802588538,0.2850114211879331,"High Climate, Low SocioEcon",2,590121.463000683,7099170.991558985
2431,79800042,42,23.68,0.0,91.38,9.05,0.0,86.7,50.67,52.06,-0.074228790804675,27.59386076511997,0.089769743528404,0.375886864570955,50.0,0.0,0.001923076923077,0.0,0.0,0.002307692307692,0.0,0.0,0.0,0.001538461538462,2431,42,-1.40387838516684,-0.41233747191332015,0.2994848686034866,0.34386316773163567,-1.4038783851668357,0.2994848686034867,-0.5754451314498452,0.32874550549954257,0.6287436435990464,-0.9937404496666152,3,LL,-0.4123374719133165,0.34386316773163617,"High Climate, Low SocioEcon",0,589077.6753521123,7099400.152266942
2432,79800043,43,18.79,0.0,78.22,12.48,3.15,82.42,45.83,55.1,-0.088441268171684,27.08445728934481,0.098929329439611,0.363444997051385,50.0,11.538461538461538,0.001923076923077,0.0,0.000769230769231,0.004230769230769,0.001538461538462,0.000384615384615,0.0,0.001538461538462,2432,43,-1.4475060973467475,-0.02121348682728289,0.29513689468792986,0.4502738788693375,-1.4475060973467493,0.2951368946879294,0.020005847054289004,0.4842481947273799,-0.11573844508555449,-1.836260932203293,4,HL,-0.02121348682728236,0.45027387886933706,"Low Climate, Low SocioEcon",0,589228.7563740446,7100610.88256738
2433,79800044,44,33.16,1.43,89.97,8.92,3.19,90.42,49.9,61.83,-0.094883839657809,26.89212422673608,0.106984736437708,0.339351556243694,0.0,0.0,0.001153846153846,0.0,0.000384615384615,0.001923076923077,0.0,0.000384615384615,0.0,0.000384615384615,2433,44,-1.908050295132288,-0.4793095182848281,0.24923867864865873,0.32564249256856265,-1.908050295132285,0.24923867864865873,-0.42802681400614323,0.36724396403180865,-0.8231043914977668,-1.9899291403975252,3,LL,-0.4793095182848247,0.32564249256856304,"Low Climate, Low SocioEcon",0,586618.7533749582,7101717.774973431
2434,79800045,45,22.55,1.99,88.95,16.06,8.47,73.98,61.53,61.3,-0.077452345902923,27.44363899760108,0.097502646099474,0.375419115238189,93.10344827586206,3.448275862068965,0.001034482758621,0.000344827586207,0.000689655172414,0.004137931034483,0.001724137931034,0.0,0.0,0.001379310344828,2434,45,-2.55952886539682,-0.5728921465696916,0.18431178497214526,0.30018203909180385,-2.559528865396819,0.18431178497214512,-0.6009734441022889,0.32207875808924097,0.4227462850597972,-2.9962315457980098,3,LL,-0.5728921465696896,0.30018203909180385,"High Climate, Low SocioEcon",2,587937.2090939885,7100227.510973272
2435,79800046,46,18.99,1.92,87.62,11.3,3.49,77.52,53.49,47.09,-0.049782122739096,28.313343997746077,0.125723087168908,0.374181348446231,34.61538461538461,7.692307692307694,0.000769230769231,0.0,0.001153846153846,0.002307692307692,0.000769230769231,0.000769230769231,0.000769230769231,0.001923076923077,2435,46,-1.463651509913716,-0.21745665208053855,0.29352782950459866,0.3968832008061681,-1.4636515099137128,0.29352782950459877,-0.36451928038651216,0.38382902748890285,0.8134234854563521,-1.3330672951878462,3,LL,-0.21745665208053594,0.3968832008061683,"High Climate, Low SocioEcon",0,585690.97957428,7097711.206650829
2436,79800047,47,17.13,1.77,88.37,10.72,2.88,67.3,61.34,51.64,-0.063448634762585,27.88193792611407,0.101394804779705,0.380223339440811,38.46153846153847,11.538461538461538,0.001153846153846,0.0,0.000769230769231,0.004615384615385,0.001538461538462,0.001538461538462,0.000384615384615,0.002692307692308,2436,47,-2.0291105808761274,-0.11667643852161652,0.23717371034471738,0.4243018572995952,-2.029110580876122,0.23717371034471763,-0.21334681822154708,0.4233078851152698,0.8412953141670093,-2.0732268164462897,3,LL,-0.11667643852161165,0.42430185729959596,"High Climate, Low SocioEcon",2,586930.3142298538,7099368.968140959
2437,79800048,48,10.72,0.0,79.43,17.35,11.62,79.85,66.71,57.86,-0.071651416598331,27.654065748340805,0.104469441778109,0.374808046707959,40.74074074074074,7.407407407407408,0.000740740740741,0.0,0.000740740740741,0.004444444444444,0.001111111111111,0.000740740740741,0.000740740740741,0.001111111111111,2437,48,-2.54945196600702,-0.39640633254985047,0.18531605710807258,0.34819745540905267,-2.549451966007022,0.18531605710807217,-0.4182628833240303,0.36979382545334333,0.49759981152017335,-2.7148215360364083,3,LL,-0.3964063325498506,0.3481974554090521,"High Climate, Low SocioEcon",2,584897.1178242887,7098819.860382697
2438,79800049,49,29.25,0.0,91.0,11.01,5.5,69.29,54.74,58.39,-0.106516511177686,26.469122436500697,0.137113554834175,0.299817115067279,0.0,3.846153846153846,0.000384615384615,0.000384615384615,0.0,0.001923076923077,0.000769230769231,0.000384615384615,0.0,0.000769230769231,2438,49,-1.1838952215090972,-0.14659198772467896,0.3214085728193134,0.41616291674325845,-1.1838952215090985,0.3214085728193129,0.07663093003351172,0.499035898499635,-2.2408446981623116,-2.1747105400112865,4,HL,-0.14659198772467816,0.41616291674325817,"Low Climate, Low SocioEcon",0,583535.1837332016,7101854.553361771
2439,79800050,50,27.62,10.13,93.26,15.7,6.64,86.73,55.61,55.85,-0.088378443904913,27.033602382416984,0.127017600776004,0.338088607526063,19.230769230769234,0.0,0.000769230769231,0.0,0.0,0.003846153846154,0.000769230769231,0.000384615384615,0.0,0.001923076923077,2439,50,-2.3126510447791855,-0.523493859594269,0.2089158329668812,0.31362152898880596,-2.3126510447791833,0.20891583296688118,-0.5359298037072794,0.33906497754932396,-0.932041740776114,-2.8181076292709157,3,LL,-0.5234938595942661,0.3136215289888062,"Low Climate, Low SocioEcon",0,581257.9974586158,7099522.336958138
2440,79800051,51,20.59,0.0,88.61,19.36,3.33,83.46,60.19,41.71,-0.087847191279742,27.026691014463488,0.116057687211519,0.362567719719684,33.33333333333333,7.407407407407408,0.002222222222222,0.00037037037037,0.000740740740741,0.004074074074074,0.002592592592593,0.001111111111111,0.000740740740741,0.00037037037037,2440,51,-2.172846858886978,-0.08331184667904169,0.22284883387782317,0.43337915779807157,-2.1728468588869765,0.22284883387782306,0.036098940791676845,0.4884509241618771,-0.3480252060937665,-2.7842163928289567,4,HL,-0.08331184667903983,0.4333791577980715,"Low Climate, Low SocioEcon",0,583908.120940022,7097260.453616344
2441,79800052,52,21.98,0.0,86.7,3.73,5.02,87.53,56.81,42.75,-0.078434263981632,27.421008606502966,0.102300487115499,0.367329853155345,26.923076923076923,7.692307692307694,0.000769230769231,0.0,0.000769230769231,0.002307692307692,0.002307692307692,0.001923076923077,0.000769230769231,0.000769230769231,2441,52,-2.328192954820569,-0.34857296714481467,0.20736691334489413,0.3612111866629407,-2.3281929548205644,0.2073669133448943,-0.22077195372604286,0.4213688026710175,0.19452512970997116,-2.4522032784392582,3,LL,-0.3485729671448105,0.3612111866629413,"High Climate, Low SocioEcon",0,582597.0449866592,7097395.109924612
2442,79800053,53,14.2,1.68,82.97,17.55,6.71,91.22,57.94,56.01,-0.031523030066155,29.00419842114481,0.128251138042398,0.36146870233434,34.61538461538461,3.846153846153846,0.001923076923077,0.0,0.0,0.001153846153846,0.001923076923077,0.0,0.0,0.000384615384615,2442,53,-2.80590504842728,-0.8940209770806941,0.15975773059465656,0.21281448168164552,-2.8059050484272827,0.15975773059465606,-0.780659102615286,0.27515364733597697,1.0886878758344043,-2.6104105000517284,3,LL,-0.8940209770806952,0.21281448168164466,"High Climate, Low SocioEcon",2,576446.7827611582,7098860.636894195
2443,79800054,54,0.0,1.5,16.29,2.78,0.0,19.21,1.22,2.24,-0.073541765297552,27.522359966311377,0.14348351006943,0.364882141723208,46.875,3.125,0.0015625,0.0,0.0,0.0028125,0.0,0.0,0.000625,0.000625,2443,54,3.4593208190421536,0.9532866567393745,0.7841553275737201,0.7154001744554028,3.4593208190421567,0.7841553275737199,0.8661945238447564,0.7052313143884207,-0.22239701499377523,3.921358347172392,1,HH,0.9532866567393754,0.7154001744554026,"Low Climate, High SocioEcon",1,600319.2190095688,7095419.8940678295
2444,79800055,55,6.06,0.0,50.21,3.2,2.91,56.68,16.2,16.95,-0.067907141807201,27.761368871352254,0.133116225803514,0.358858351285405,53.84615384615385,7.692307692307694,0.002307692307692,0.000769230769231,0.001923076923077,0.002307692307692,0.0,0.0,0.000769230769231,0.001538461538462,2444,55,2.130656823762645,0.9334723962767477,0.6517395737933677,0.7100094297634557,2.130656823762653,0.6517395737933681,0.8031130343623838,0.6887575128344303,-0.035141802172357524,2.0919092530482266,1,HH,0.9334723962767514,0.7100094297634562,"Low Climate, High SocioEcon",1,602194.7649622716,7095986.4537364105
2445,79800056,56,3.21,0.0,42.31,6.95,3.47,42.23,6.22,5.86,-0.067102550506431,27.76318569319814,0.135348271842212,0.357843035711775,26.923076923076923,7.692307692307694,0.000769230769231,0.000384615384615,0.000769230769231,0.001153846153846,0.001153846153846,0.0,0.000769230769231,0.0,2445,56,1.8737930534060947,0.6006358967197926,0.6261403177802094,0.6194566384212217,1.8737930534060874,0.6261403177802083,0.5967900744679157,0.634876041023541,-0.0681265289544681,2.146119909271767,1,HH,0.6006358967197877,0.6194566384212199,"Low Climate, High SocioEcon",1,605404.1787890408,7095352.613433032
2446,79800057,57,1.53,0.0,30.16,9.23,5.6,43.91,11.87,8.92,-0.045649047646876,28.505679750207754,0.114457873235173,0.367580163711022,42.30769230769231,3.846153846153846,0.001923076923077,0.0,0.000384615384615,0.003076923076923,0.0,0.000769230769231,0.001153846153846,0.000384615384615,2446,57,1.4988921269040987,0.5201763811678725,0.588777381061757,0.5975665099858831,1.4988921269041056,0.5887773810617574,0.3920561461658904,0.581409546590829,0.9604035882351647,2.198825965180175,4,HL,0.5201763811678762,0.5975665099858836,"High Climate, High SocioEcon",1,608876.2027722655,7098113.712623964
2447,79800058,58,4.1,3.8,46.58,11.41,6.76,47.28,11.46,10.27,-0.089412142093312,26.95394449053793,0.131001791380812,0.370966031597566,46.15384615384615,3.846153846153846,0.001923076923077,0.000384615384615,0.001538461538462,0.001538461538462,0.0,0.0,0.000384615384615,0.001923076923077,2447,58,1.706261681927243,0.7580761908816589,0.6094440025981595,0.6622904566024511,1.7062616819272385,0.6094440025981587,0.4810297719537979,0.6046451085091723,-0.4196635320797941,1.7418802912847062,1,HH,0.758076190881656,0.6622904566024497,"Low Climate, High SocioEcon",1,600259.3418215555,7101626.5164285395
2448,79800059,59,26.75,0.0,81.15,4.09,9.01,90.99,32.12,12.62,-0.147418373304865,25.024921040289957,0.09614913500804,0.367125216974571,20.833333333333336,0.0,0.0,0.000416666666667,0.000416666666667,0.000416666666667,0.001666666666667,0.000416666666667,0.0,0.0,2448,59,-1.1152385760228019,-0.17222424795546654,0.32825095094982465,0.4091893044279085,-1.115238576022797,0.3282509509498248,-0.14242282035178402,0.4418297665088377,-1.6855749754454579,-1.441507587900973,3,LL,-0.1722242479554616,0.40918930442790935,"Low Climate, Low SocioEcon",0,604567.1206130029,7102027.910338381
2449,79800060,60,27.22,6.12,66.66,8.9,0.0,83.56,21.27,24.65,-0.12065711504432,25.963902137661854,0.104437308489819,0.370397955325515,20.0,0.0,0.0,0.0,0.0,0.0,0.0008,0.0,0.0,0.0,2449,60,-0.29490017075048164,-0.19668742352490187,0.41000655558352667,0.40253375782813294,-0.29490017075047564,0.41000655558352694,-0.30008310812273853,0.4006566059668773,-0.9623635174118755,-0.10216682081535704,2,LH,-0.19668742352489657,0.40253375782813383,"Low Climate, High SocioEcon",0,603192.6597472389,7102315.832100309
2450,79800061,61,21.88,1.6,82.75,4.94,0.0,94.48,36.04,52.34,-0.077495919995044,27.46575415812438,0.085278703620422,0.404790584443176,42.30769230769231,0.0,0.0,0.0,0.000384615384615,0.000769230769231,0.000384615384615,0.0,0.0,0.000384615384615,2450,61,-1.608853941654282,-0.6750039310883477,0.27905683494316147,0.27240111022910635,-1.6088539416542795,0.2790568349431614,-0.8709580435032018,0.251571977896502,1.1159596622142638,-0.7481785725905359,2,LH,-0.6750039310883448,0.27240111022910657,"High Climate, High SocioEcon",0,606503.6738516313,7101001.433206128
2451,79800062,62,13.92,0.0,85.57,1.97,6.39,80.76,19.75,18.73,-0.184366527614334,23.99303719305223,0.05815123357658,0.400154616623636,30.769230769230774,0.0,0.001923076923077,0.0,0.0,0.001538461538462,0.0,0.0,0.0,0.000384615384615,2451,62,0.14492323070765273,0.30417368664448924,0.4538397199059072,0.5387999776116621,0.14492323070764473,0.45383971990590605,0.16024686931165696,0.5208722945917658,-1.5709078324088115,0.3087766302309661,1,HH,0.3041736866444874,0.5387999776116611,"Low Climate, High SocioEcon",0,604680.1874088742,7103265.045608474
2452,79800063,63,20.23,3.03,81.84,1.51,11.76,77.78,23.26,17.66,-0.179382395791425,24.157731067175153,0.044772815957181,0.400603592395782,42.857142857142854,0.0,0.000714285714286,0.0,0.0,0.000714285714286,0.001785714285714,0.0,0.0,0.000714285714286,2452,63,-1.1167544137155736,-0.16268447840164776,0.3280998813103897,0.4117847312005427,-1.11675441371557,0.32809988131038975,-0.24578835154263667,0.41483574239282917,-1.269008272361583,-1.0144251895440677,2,LH,-0.1626844784016424,0.4117847312005436,"Low Climate, Low SocioEcon",0,604787.1088119004,7102817.903898211
2453,79800064,64,16.57,4.57,62.45,5.52,3.04,80.44,17.42,14.74,-0.119397307785793,26.039163861955917,0.113694698210481,0.368947947689596,50.0,0.0,0.000769230769231,0.000384615384615,0.000769230769231,0.002307692307692,0.0,0.0,0.000384615384615,0.001153846153846,2453,64,1.0007811300952687,0.4219754148711771,0.5391352267299928,0.5708495735245659,1.0007811300952647,0.539135226729992,0.22435892930093976,0.5376152307866396,-1.0485978229370838,0.8886465862071378,1,HH,0.4219754148711756,0.570849573524565,"Low Climate, High SocioEcon",1,605640.3438273697,7103262.889749618
2454,79800065,65,29.86,12.26,77.22,6.71,5.21,74.93,44.73,45.87,-0.065836212943757,27.812861510897726,0.108788208604017,0.367006387163275,23.076923076923077,0.0,0.000384615384615,0.000384615384615,0.000384615384615,0.001538461538462,0.001153846153846,0.000384615384615,0.0,0.000384615384615,2454,65,-2.0960815299098616,-0.7253438548530926,0.23049933011826895,0.2587054349683681,-2.0960815299098665,0.23049933011826823,-0.7113528337153574,0.293253056999155,0.449456386533584,-1.8104564580610583,2,LH,-0.7253438548530943,0.2587054349683671,"High Climate, Low SocioEcon",0,609027.7808325914,7100959.719564782
2455,79800066,66,4.85,2.62,60.55,1.09,6.49,66.72,21.24,21.26,-0.08205537813359,27.096785098878193,0.166348238742511,0.344439052146152,26.923076923076923,3.846153846153846,0.001538461538462,0.000384615384615,0.000769230769231,0.002307692307692,0.000769230769231,0.001153846153846,0.000384615384615,0.000384615384615,2455,66,0.8922694997453651,0.47727765632744157,0.5283208678117362,0.5858953162180893,0.8922694997453653,0.5283208678117358,0.631137749964964,0.6438459749078279,-1.1612666454711529,0.42739160447680835,1,HH,0.47727765632744173,0.5858953162180888,"Low Climate, High SocioEcon",0,608059.1449522958,7103058.770238096
2456,79800067,67,0.0,0.0,53.86,4.22,0.0,69.62,10.87,20.05,-0.139646552088871,25.16204652531742,0.169123074571636,0.32315363232732,53.84615384615385,15.384615384615387,0.001923076923077,0.0,0.0,0.002307692307692,0.000384615384615,0.000384615384615,0.0,0.001153846153846,2456,67,3.0639861337233953,1.2851124060948123,0.7447559455343284,0.8056779771704311,3.0639861337233874,0.7447559455343271,1.4779857039915165,0.8650012655566728,-3.185391313500159,1.6670224741687345,1,HH,1.2851124060948083,0.8056779771704295,"Low Climate, High SocioEcon",1,605016.4320206379,7104156.901186717
2457,79800068,68,20.37,14.6,66.21,4.13,9.0,67.35,48.33,46.77,-0.068517748877969,27.747574589224712,0.120805241914023,0.359540381687979,53.84615384615385,3.846153846153846,0.001923076923077,0.0,0.000384615384615,0.003461538461538,0.000769230769231,0.0,0.0,0.000769230769231,2457,68,-1.272906298621882,-0.40789658269601875,0.312537655181321,0.34507137330765736,-1.2729062986218844,0.31253765518132043,-0.26724885658393166,0.4092313074912485,0.10717790090276731,-1.3758030797324154,2,LH,-0.4078965826960197,0.3450713733076566,"High Climate, Low SocioEcon",0,597377.3486921024,7100159.014957502
2458,79800069,69,5.95,6.58,56.42,0.0,1.37,49.94,23.08,21.32,-0.097480430287374,26.615559024851066,0.153002730901653,0.354720803927039,65.38461538461539,0.0,0.001923076923077,0.0,0.000769230769231,0.001923076923077,0.0,0.0,0.000769230769231,0.001153846153846,2458,69,2.3210568207009348,0.700258890444299,0.6707149951218102,0.6465604571899929,2.321056820700939,0.6707149951218103,0.6672538362690476,0.653277731252873,-1.2285375767251108,2.0593465736451324,1,HH,0.7002588904443017,0.6465604571899931,"Low Climate, High SocioEcon",1,598704.5259710251,7103669.066120079
2459,79800070,70,0.0,1.19,31.58,8.3,2.43,38.98,8.87,10.72,-0.082761266272478,27.21336051378853,0.144672975637616,0.346554229493172,53.84615384615385,0.0,0.001538461538462,0.000384615384615,0.001153846153846,0.002692307692308,0.000384615384615,0.000384615384615,0.000769230769231,0.0,2459,70,2.547006037913356,0.8708172953063449,0.6932332811742363,0.6929632395401727,2.5470060379133512,0.6932332811742354,0.8329715081124843,0.696555086659976,-0.8300257760159063,2.4299574481774355,4,HL,0.8708172953063413,0.6929632395401712,"Low Climate, High SocioEcon",1,591563.8501415675,7102948.086258175
2460,79800071,71,3.29,2.46,23.65,7.08,2.36,28.91,9.13,15.04,-0.08962581139644,26.986436725116462,0.155016169489982,0.337063470707749,60.714285714285715,0.0,0.0025,0.0,0.001785714285714,0.003214285714286,0.0,0.0,0.000714285714286,0.001785714285714,2460,71,3.256031709143456,1.180872578562908,0.7638953665766509,0.7773180846568045,3.2560317091434623,0.763895366576651,1.0519564596108268,0.7537432517444732,-1.315032479571558,2.9330970909981695,1,HH,1.1808725785629106,0.7773180846568047,"Low Climate, High SocioEcon",1,583660.7899685609,7107356.378994804
2461,79800072,72,0.0,2.24,7.68,3.47,0.93,17.22,4.31,7.7,-0.08954137227406,26.65334350027196,0.21093938995168,0.287355196438224,25.0,3.571428571428571,0.001785714285714,0.000357142857143,0.001428571428571,0.001428571428571,0.0,0.0,0.000357142857143,0.001785714285714,2461,72,4.838283819170575,1.6116595695608242,0.921583921820235,0.894519667297857,4.838283819170583,0.9215839218202351,1.6928065962870102,0.92110198192159,-3.0231761507389483,3.8394867945881064,1,HH,1.611659569560827,0.8945196672978573,"Low Climate, High SocioEcon",1,610494.8421389301,7107103.177337266
2462,79800073,73,5.53,0.0,18.23,3.11,1.53,38.72,3.05,2.96,-0.132574050120344,25.233875107156845,0.207912658932217,0.291540245523789,46.15384615384615,7.692307692307694,0.002307692307692,0.000384615384615,0.0,0.003076923076923,0.000384615384615,0.0,0.000384615384615,0.000769230769231,2462,73,4.69453722837288,1.69356259451125,0.9072580175724657,0.9168025225090675,4.694537228372874,0.9072580175724647,1.9780709996617938,0.9955991000171739,-4.094565706792095,3.035816299595116,1,HH,1.693562594511245,0.9168025225090655,"Low Climate, High SocioEcon",1,606584.4661111197,7106169.1041637
2463,79800074,74,2.19,2.74,28.63,1.34,0.0,27.22,5.38,4.73,-0.099395809345922,26.344076411774452,0.196992222250102,0.307728441607266,46.15384615384615,3.846153846153846,0.002307692307692,0.0,0.000384615384615,0.002307692307692,0.000384615384615,0.000384615384615,0.000769230769231,0.0,2463,74,4.192113432706903,1.3411845725726468,0.857186046136,0.820933188656951,4.1921134327069085,0.8571860461360001,1.5865868570847168,0.8933625781901013,-2.748942846233022,3.270284002648989,1,HH,1.3411845725726492,0.8209331886569513,"Low Climate, High SocioEcon",1,607302.2853754238,7108738.860220774
2464,79800075,75,37.17,21.74,80.52,4.18,5.62,91.65,43.22,43.52,-0.025279075271151,29.235965430491255,0.077874156494404,0.372649193157548,38.46153846153847,7.692307692307694,0.000384615384615,0.000384615384615,0.0,0.001538461538462,0.000769230769231,0.000769230769231,0.0,0.000384615384615,2464,75,-2.995709339639427,-1.1182629253515524,0.14084167779207066,0.15180634591836112,-2.995709339639419,0.1408416777920712,-1.1065871825906537,0.19003716460156594,2.0662639436828116,-2.293383813105075,3,LL,-1.1182629253515468,0.1518063459183621,"High Climate, Low SocioEcon",2,609409.5998399439,7111502.895821335
2465,79800076,76,21.3,12.36,79.19,8.94,3.81,87.64,36.54,43.34,-0.005605561585093,29.877583074343715,0.076403877675816,0.390158292682956,48.148148148148145,0.0,0.000740740740741,0.0,0.00037037037037,0.001851851851852,0.001111111111111,0.000740740740741,0.00037037037037,0.000740740740741,2465,76,-2.7373090907008515,-1.074511430523951,0.16659406053277565,0.163709547602396,-2.737309090700853,0.16659406053277528,-1.2423104820537811,0.15459287309933128,2.944600853179257,-1.4678596531088581,3,LL,-1.0745114305239516,0.16370954760239528,"High Climate, Low SocioEcon",2,610461.143200758,7111696.689706719
2466,79800077,77,27.73,0.0,88.1,10.5,7.51,88.73,52.34,44.15,-0.011272874612213,29.70403372815339,0.0748334231367,0.369892690339621,7.692307692307694,0.0,0.001153846153846,0.0,0.0,0.001538461538462,0.000769230769231,0.000384615384615,0.000384615384615,0.0,2466,77,-3.326773239412754,-1.1816392320475286,0.10784757545039776,0.1345639416630546,-3.3267732394127503,0.1078475754503979,-1.2150178251027233,0.16172038099716718,2.4388435026569426,-2.09203113617172,3,LL,-1.1816392320475264,0.13456394166305466,"High Climate, Low SocioEcon",2,620632.1226756483,7125579.6313472325
2468,79800079,79,29.56,8.33,77.19,6.1,10.55,89.8,47.25,43.95,-0.013890575797696,29.612461965655413,0.075770527867391,0.364753922366578,20.0,0.0,0.0008,0.0,0.0,0.0004,0.0008,0.0004,0.0,0.0,2468,79,-3.3815117540079647,-1.3588631999515743,0.10239228976741599,0.08634770033189115,-3.381511754007966,0.10239228976741564,-1.3362588710027203,0.13005814621571185,2.2589141061185365,-2.256261562141007,3,LL,-1.3588631999515746,0.08634770033189056,"High Climate, Low SocioEcon",2,618156.5090383525,7122860.86993957
2469,79800080,80,15.81,28.98,91.51,6.65,8.07,90.52,54.32,49.09,-0.016143406787709,29.516260047537287,0.100808326864893,0.343798015726897,7.692307692307694,0.0,0.000769230769231,0.0,0.0,0.000769230769231,0.000769230769231,0.000384615384615,0.0,0.000384615384615,2469,80,-3.0822285693719893,-1.3033756107547998,0.13221909972701018,0.10144386945188671,-3.082228569371988,0.13221909972701007,-1.2019957538700214,0.16512110946870084,1.5086545157244662,-2.3368719147743033,3,LL,-1.303375610754798,0.10144386945188666,"High Climate, Low SocioEcon",2,617783.2267058946,7120892.984410561
2470,79800081,81,9.03,4.82,31.58,4.7,0.0,47.41,22.06,20.17,-0.043233626512294,28.395493127349624,0.167695887972535,0.331673126804052,56.00000000000001,4.0,0.0012,0.0,0.0,0.0016,0.0,0.0,0.0008,0.0008,2470,81,2.3473841536446653,0.4915582922761354,0.673338798919577,0.5897805615232702,2.347384153644662,0.6733387989195763,0.5199623554726233,0.6148123962529486,-0.3368067091065628,2.328308752708047,1,HH,0.49155829227613207,0.5897805615232687,"Low Climate, High SocioEcon",1,611657.8134429773,7110042.47234718
2471,79800082,82,8.55,2.64,66.53,4.8,4.85,67.11,31.58,25.09,-0.084205965334599,27.13596982438561,0.135406236858164,0.365092187594884,48.148148148148145,0.0,0.001111111111111,0.0,0.00037037037037,0.001481481481481,0.00037037037037,0.00037037037037,0.0,0.001481481481481,2471,82,0.31557283724751684,0.07848435527870469,0.47084680097574766,0.4773980611796061,0.3155728372475145,0.47084680097574705,-0.01668676844935761,0.47466587713684716,-0.43195008590110506,0.3517415844416112,2,LH,0.07848435527870357,0.4773980611796052,"Low Climate, High SocioEcon",0,595844.6192303731,7103462.872232792
2472,79800083,83,0.93,1.14,23.47,0.93,0.0,22.23,2.28,0.0,-0.090439966575334,26.892236906946163,0.170542921524795,0.358332907522545,56.00000000000001,8.0,0.0012,0.0,0.0,0.0024,0.0,0.0,0.0004,0.002,2472,83,4.006790549914745,1.227636644181192,0.8387166142067417,0.790040898055827,4.006790549914748,0.8387166142067414,1.1220987083143112,0.7720609784686454,-1.154701347845393,3.8642773382895013,1,HH,1.2276366441811932,0.7900408980558269,"Low Climate, High SocioEcon",1,585401.4635700961,7111389.489729425
2473,79800084,84,2.54,0.0,25.44,12.72,4.26,35.56,2.28,2.16,-0.103522096343692,26.48412532307275,0.157367946441959,0.351474710500082,62.06896551724138,3.448275862068965,0.001379310344828,0.0,0.000689655172414,0.003103448275862,0.0,0.0,0.0,0.001034482758621,2473,84,2.8669959640512164,0.9825175423929704,0.7251237421351735,0.7233528427861363,2.8669959640512066,0.7251237421351722,0.8499792618642253,0.7009966805805447,-1.4773658652597812,2.470415618837882,1,HH,0.9825175423929643,0.7233528427861341,"Low Climate, High SocioEcon",1,587899.6514615386,7106491.849375944
2474,79800085,85,2.25,4.51,22.5,5.56,4.97,25.67,9.84,2.15,-0.083482663105739,27.10819301430696,0.166105565962007,0.341637689081584,75.0,3.571428571428571,0.001071428571429,0.0,0.000357142857143,0.002857142857143,0.0,0.0,0.000357142857143,0.000714285714286,2474,85,3.165507129944254,0.8736967655552115,0.7548736120676864,0.6937466394045771,3.165507129944259,0.7548736120676866,0.8705407592804391,0.7063663386350242,-1.2249842076195265,2.7943272127665857,1,HH,0.8736967655552138,0.6937466394045774,"Low Climate, High SocioEcon",1,588196.679681802,7109097.984397793
2475,79800086,86,0.0,2.39,15.55,2.21,1.04,28.49,6.43,5.63,-0.092650231508287,26.818274056687752,0.161778648035071,0.349420252969711,44.0,0.0,0.0016,0.0,0.0012,0.0008,0.0004,0.0008,0.0,0.0004,2475,86,3.0182197110568745,0.9066924027884932,0.7401948259610215,0.7027235606784357,3.0182197110568803,0.7401948259610216,0.8895092480152136,0.7113199806900853,-1.2778947246947967,2.9517191249220027,1,HH,0.9066924027884964,0.702723560678436,"Low Climate, High SocioEcon",1,595548.2834527437,7105465.548883171
2476,79800087,87,0.0,0.0,11.29,10.29,0.0,17.38,4.82,3.34,-0.12801944648918,25.359638327169154,0.208344819286709,0.315510725513497,51.85185185185185,7.407407407407408,0.00037037037037,0.00037037037037,0.000740740740741,0.002592592592593,0.0,0.0,0.002222222222222,0.000740740740741,2476,87,5.625113307007062,1.9993638488910843,1.0,1.0,5.625113307007068,1.0,1.994922928165957,1.0,-3.542406079023981,4.285975774131247,1,HH,1.9993638488910868,1.0,"Low Climate, High SocioEcon",1,601793.6963681229,7104983.909320948
2477,79800088,88,1.14,0.0,7.99,4.65,0.0,13.0,3.38,0.0,-0.106108481880524,26.0984627941361,0.205306246401693,0.326407787746978,46.15384615384615,0.0,0.000384615384615,0.000769230769231,0.000384615384615,0.002692307692308,0.0,0.0,0.001153846153846,0.000769230769231,2477,88,5.039497777081827,1.6026256899327385,0.9416370714522014,0.8920618749041087,5.039497777081828,0.9416370714522011,1.5832379111618202,0.8924879972155311,-2.696373840100255,4.227578796135446,1,HH,1.6026256899327374,0.8920618749041079,"Low Climate, High SocioEcon",1,598214.5874590705,7107021.63152703
2478,79800089,89,2.39,1.04,5.77,2.3,3.47,17.53,8.46,10.93,-0.089729024936384,26.801701988786405,0.178287929468853,0.336262451668989,74.07407407407408,7.407407407407408,0.001481481481481,0.0,0.0,0.004074074074074,0.0,0.0,0.0,0.001111111111111,2478,89,3.7750991331990233,1.1524178110342531,0.8156260557978069,0.7695765700388347,3.7750991331990194,0.815626055797806,1.2487563290944528,0.8051377578401228,-1.6802444469945015,3.1393623057399305,1,HH,1.1524178110342507,0.7695765700388335,"Low Climate, High SocioEcon",1,592288.071876819,7108351.371647654
2479,79800090,90,0.0,2.19,15.35,4.52,0.0,21.13,4.31,7.98,-0.132918350236188,25.14856457892265,0.213794643498842,0.307226093346481,38.46153846153847,3.846153846153846,0.000769230769231,0.0,0.0,0.001153846153846,0.0,0.000384615384615,0.000384615384615,0.001153846153846,2479,90,4.8072079923263,1.5350069660635914,0.9184868791890265,0.8736652621482915,4.8072079923262905,0.9184868791890252,1.6332810089132488,0.9055568081816124,-3.9143137181047885,3.5383575957468985,1,HH,1.5350069660635852,0.8736652621482893,"Low Climate, High SocioEcon",1,603453.6342830766,7111043.382366387
2480,79800091,91,14.07,8.6,34.34,7.56,4.38,30.66,20.86,17.29,-0.098299060258762,26.454275836302397,0.175304344443025,0.315201685465442,61.53846153846155,0.0,0.000384615384615,0.0,0.0,0.001923076923077,0.001153846153846,0.0,0.001538461538462,0.000384615384615,2480,91,2.553984778904089,0.6919910848691421,0.6939287882791243,0.6443110858797493,2.553984778904089,0.6939287882791239,0.8279552894387416,0.6952450955411749,-2.296582337098334,1.6866407861165302,1,HH,0.6919910848691415,0.6443110858797485,"Low Climate, High SocioEcon",1,606966.3253897129,7111595.851411498
2481,79800092,92,17.92,5.44,72.41,3.29,6.24,84.23,47.85,60.18,-0.034362703173074,28.60406068774753,0.176808961008858,0.335419728114955,15.384615384615387,0.0,0.0,0.0,0.0,0.000384615384615,0.0,0.0,0.0,0.0,2481,92,-1.128891978756472,-0.7149704605703928,0.3268902415296335,0.261527660923882,-1.1288919787564777,0.3268902415296326,-0.5306188418329051,0.34045194118472916,-0.16519393774549784,-1.1140186522818618,3,LL,-0.7149704605703963,0.2615276609238805,"Low Climate, Low SocioEcon",0,615565.4543204409,7127805.882143429
2482,79800093,93,0.0,1.34,11.7,6.71,0.0,19.73,1.09,0.0,-0.056447052749128,27.91238718403159,0.177582160344005,0.335672393745042,25.0,0.0,0.00125,0.0,0.000416666666667,0.00125,0.000416666666667,0.000416666666667,0.000833333333333,0.000416666666667,2482,93,3.487983346671853,0.9343473461210093,0.7870118588072155,0.7102474720177993,3.4879833466718537,0.7870118588072151,0.9018452094147789,0.7145415308110746,-0.7618363718454808,3.7065596806593284,1,HH,0.9343473461210088,0.7102474720177985,"Low Climate, High SocioEcon",1,604581.0515317384,7120703.7346451
2483,79800094,94,0.0,0.0,3.56,0.0,0.0,7.27,3.23,1.81,-0.02200809455857,29.0211867694403,0.18671116806612,0.326776918037697,61.111111111111114,2.777777777777778,0.000555555555556,0.0,0.0,0.000833333333333,0.001111111111111,0.0,0.000277777777778,0.000833333333333,2483,94,3.649928203848344,0.6899877187666477,0.8031514173487755,0.6437660423136057,3.6499282038483445,0.803151417348775,0.7769213483166147,0.6819175247202787,-0.09642571569487808,3.872720522432608,1,HH,0.6899877187666453,0.6437660423136045,"Low Climate, High SocioEcon",1,604968.6385176626,7127338.997044025
2484,79800095,95,43.39,62.95,70.93,11.97,5.51,83.2,47.78,18.97,-0.017884774898467,29.42887920848826,0.103420646076295,0.359023924845266,65.38461538461539,0.0,0.000384615384615,0.0,0.0,0.001923076923077,0.000384615384615,0.0,0.0,0.000769230769231,2484,95,-2.7982035231206672,-1.4806313990960642,0.16052527098286362,0.05321897092893174,-2.7982035231206615,0.16052527098286398,-1.580970324974277,0.06615147622748377,1.6985508106811307,-2.2862348464542763,3,LL,-1.4806313990960596,0.05321897092893246,"High Climate, Low SocioEcon",2,601911.8101382845,7132349.238999507
2485,79800096,96,15.8,47.17,72.82,0.0,2.7,63.16,36.78,33.72,0.006436996774608,30.086760524836244,0.171708040742395,0.358081567321189,73.07692307692307,3.846153846153846,0.000384615384615,0.0,0.000384615384615,0.002692307692308,0.000769230769231,0.000384615384615,0.000384615384615,0.000384615384615,2485,96,-0.7809453821229478,-0.811302777603684,0.3615668874177038,0.23531911644200848,-0.780945382122955,0.3615668874177028,-0.6701043959130185,0.30402513268005227,1.491977628577975,-0.5376286229944446,2,LH,-0.8113027776036886,0.23531911644200665,"High Climate, High SocioEcon",2,596379.308201255,7127909.9267037995
2486,79800097,97,0.0,0.0,14.45,0.0,0.0,36.14,4.15,4.91,-0.043177806301858,28.38826594531226,0.177654433281239,0.343838916491828,50.0,3.125,0.0009375,0.0003125,0.0003125,0.001875,0.0003125,0.0,0.0,0.0015625,2486,97,3.2528457196221705,0.7944790119349325,0.7635778482232551,0.6721943495453633,3.2528457196221776,0.7635778482232554,0.7462125302569064,0.6738978825269122,-0.23106808035030008,3.43022116007265,1,HH,0.7944790119349349,0.6721943495453634,"Low Climate, High SocioEcon",1,588714.9088148982,7114262.998660109
2487,79800098,98,0.0,2.06,28.89,3.84,1.03,37.63,3.32,0.0,-0.093819689918568,26.49321447665145,0.207805994870565,0.319891578274379,76.92307692307693,3.846153846153846,0.0,0.0,0.0,0.000769230769231,0.000769230769231,0.000384615384615,0.0,0.000384615384615,2487,98,3.682048041908698,0.9242085030746408,0.806352507002123,0.7074890589830162,3.6820480419086907,0.8063525070021218,1.0589558313814142,0.7555711455132702,-2.5120944057505823,2.688662788645085,1,HH,0.9242085030746346,0.707489058983014,"Low Climate, High SocioEcon",1,596258.4596196982,7110526.218215997
2488,79800099,99,0.0,0.0,17.88,7.48,0.0,32.86,1.05,0.0,-0.105529108645475,26.048936321680475,0.211095885919096,0.327065498366618,26.923076923076923,11.538461538461538,0.001538461538462,0.000384615384615,0.001153846153846,0.002307692307692,0.000384615384615,0.000384615384615,0.000769230769231,0.000769230769231,2488,99,4.448353105249986,1.7043521743867236,0.8827231040443728,0.9197379775340861,4.448353105249989,0.8827231040443729,1.7814565018057908,0.9442530039294721,-2.7645871164645475,3.3882966846736986,1,HH,1.704352174386725,0.919737977534086,"Low Climate, High SocioEcon",1,599404.3480863958,7110176.150727017
2489,79800100,100,13.22,11.74,60.89,2.82,4.25,70.2,28.26,28.06,-0.008616986304149,29.75610619558239,0.127555011283341,0.344424644011763,73.07692307692307,3.846153846153846,0.000384615384615,0.0,0.000769230769231,0.001923076923077,0.0,0.000384615384615,0.0,0.000384615384615,2489,100,-0.17744476949632926,-0.42783102599053996,0.42171225811471513,0.3396479312074815,-0.1774447694963275,0.42171225811471497,-0.4190112335752986,0.36959839294796915,1.4111531916721163,0.27381118137798816,3,LL,-0.4278310259905399,0.339647931207481,"High Climate, High SocioEcon",0,592654.7258144923,7121045.144963986
2490,79800101,101,1.15,0.0,7.16,2.26,0.0,13.61,0.0,0.0,-0.061409602411637,27.754933953520798,0.174417080632551,0.344193877133839,50.0,16.666666666666664,0.00125,0.0,0.000833333333333,0.002916666666667,0.0,0.0,0.000416666666667,0.000833333333333,2490,101,4.279105438113475,1.3615221731159979,0.8658557414161467,0.8264663152847554,4.279105438113471,0.865855741416146,1.4039936577521004,0.8456781598988328,-0.7016074967622603,4.106023324743919,1,HH,1.3615221731159952,0.8264663152847541,"Low Climate, High SocioEcon",1,596356.063603385,7117174.644341447
2491,79800102,102,2.73,5.62,9.02,5.37,2.79,30.32,5.52,0.0,-0.088618589548116,26.674754952985055,0.200758428584642,0.330598316623648,36.0,0.0,0.0008,0.0,0.0,0.0024,0.0,0.0,0.0,0.0,2491,102,3.4623437167657993,0.8706773315164962,0.784456592063538,0.6929251604476618,3.4623437167658064,0.7844565920635383,0.9635269896589223,0.7306497967315045,-2.084992247574822,3.021190655184701,1,HH,0.8706773315164993,0.6929251604476622,"Low Climate, High SocioEcon",1,600822.271695729,7113887.403888184
2492,79800103,103,4.78,5.94,15.58,10.82,0.0,25.87,2.37,0.0,-0.111122694046624,25.914399160877213,0.207398723298384,0.305974313268229,57.692307692307686,3.846153846153846,0.000384615384615,0.0,0.0,0.001153846153846,0.0,0.0,0.000769230769231,0.001538461538462,2492,103,4.660365634975317,1.3905087408745358,0.9038524482835485,0.8343525135396354,4.660365634975313,0.9038524482835476,1.355614795134497,0.8330439657998987,-3.2434358824449405,3.518286978609781,1,HH,1.3905087408745327,0.8343525135396339,"Low Climate, High SocioEcon",1,604791.0150999621,7115108.031668144
2493,79800104,104,1.23,2.41,4.62,8.66,2.51,13.9,1.23,1.98,-0.091915193395624,26.559702227997064,0.200015102141543,0.337091499137224,69.23076923076923,3.846153846153846,0.001153846153846,0.000769230769231,0.000769230769231,0.003076923076923,0.000384615384615,0.000769230769231,0.001153846153846,0.002692307692308,2493,104,4.525716010009157,1.6947035659201852,0.8904331551819958,0.917112939623952,4.525716010009163,0.890433155181996,1.521620192019029,0.876396460923391,-2.0498763719320205,3.5759433448219453,1,HH,1.6947035659201872,0.917112939623952,"Low Climate, High SocioEcon",1,598987.3714446446,7115529.3634319
2494,79800105,105,27.35,4.31,77.01,9.57,6.06,86.12,53.11,51.85,-0.000479890520278,29.977172622269666,0.129773462471169,0.346236381599765,64.0,4.0,0.002,0.0,0.0004,0.004,0.0008,0.0,0.0,0.0028,2494,105,-2.0591707825493124,-0.6638029686472974,0.23417788575890336,0.27544848759338814,-2.0591707825493057,0.23417788575890378,-0.7056390648233206,0.29474521413788396,1.6227777983683571,-1.887340749295964,3,LL,-0.663802968647294,0.27544848759338847,"High Climate, Low SocioEcon",2,610850.3425962239,7114430.864669764
2495,79800106,106,0.0,4.15,5.14,4.15,0.0,7.07,4.15,5.1,-0.08434926619628,26.836186848949374,0.199688613420734,0.324078978728884,52.0,4.0,0.0,0.0,0.0,0.0028,0.0004,0.0,0.0004,0.0008,2495,106,4.3338177971025615,1.1671609337101512,0.8713084204097677,0.7735876412800616,4.333817797102562,0.8713084204097674,1.2371008955285798,0.8020939283242778,-2.0666772079752462,3.7637650872595687,1,HH,1.1671609337101512,0.7735876412800612,"Low Climate, High SocioEcon",1,604312.9711272947,7118516.225795972
2496,79800107,107,39.98,18.61,74.48,6.6,6.96,88.35,50.92,40.45,0.001983971928767,30.138791843671537,0.067625232460445,0.403379938481015,53.84615384615385,0.0,0.000384615384615,0.000384615384615,0.0,0.002307692307692,0.001538461538462,0.000384615384615,0.000384615384615,0.0,2496,107,-3.9387110047458007,-1.561331016460541,0.04686135112948238,0.03126351946152707,-3.9387110047458047,0.04686135112948179,-1.6398496208374496,0.050775082238568296,3.504401620043441,-2.59498939735662,3,LL,-1.5613310164605432,0.031263519461525925,"High Climate, Low SocioEcon",2,609617.152131473,7112130.782794671
2497,79800108,108,25.35,1.65,80.03,9.38,4.95,86.57,31.95,30.22,0.01414524778827,30.564331858701586,0.057433694889097,0.418589944077521,53.84615384615385,0.0,0.000769230769231,0.0,0.0,0.001153846153846,0.000769230769231,0.0,0.000384615384615,0.000769230769231,2497,108,-2.7989379929483675,-1.2401868266371157,0.160452073111762,0.1186352555859035,-2.798937992948363,0.1604520731117622,-1.5676771195709474,0.06962301169102224,4.248810921299419,-0.7938154872512831,3,LL,-1.2401868266371134,0.11863525558590356,"High Climate, High SocioEcon",2,609145.4645830098,7112737.294657352
2498,79800109,109,9.77,17.23,39.9,1.68,1.68,46.35,24.09,20.77,-0.053454675532277,28.051634962068302,0.162741699445025,0.334915938953814,52.0,0.0,0.0008,0.0,0.0008,0.0012,0.0004,0.0,0.0008,0.0012,2498,109,1.8489114106508557,0.3076015940082415,0.6236605926635252,0.539732587408555,1.8489114106508557,0.6236605926635249,0.29964910758617913,0.5572773450805987,-0.5030989063151692,1.8345248562652638,4,HL,0.30760159400824055,0.5397325874085542,"Low Climate, High SocioEcon",1,608710.4310792352,7114784.60002289
2499,79800110,110,24.42,1.66,60.13,3.14,4.37,72.78,39.74,45.28,-0.020671641714756,29.158153777110897,0.160546809945937,0.337932342592184,34.61538461538461,3.846153846153846,0.001153846153846,0.0,0.000769230769231,0.003461538461538,0.000384615384615,0.000384615384615,0.0,0.000769230769231,2499,110,-0.7118107781794168,-0.3099065426635348,0.36845689928376857,0.3717309243499561,-0.711810778179415,0.3684568992837684,-0.17500885136893438,0.43331988805140664,0.49062747867280027,-0.68309409886943,3,LL,-0.3099065426635346,0.37173092434995564,"High Climate, High SocioEcon",0,614857.1715435553,7122186.250249875
2500,79800111,111,22.8,19.63,73.33,5.12,0.0,92.93,42.93,49.54,-0.024834278566871,29.235748723094606,0.084457796076767,0.334950381142732,19.230769230769234,0.0,0.0,0.0,0.000769230769231,0.001538461538462,0.001538461538462,0.0,0.0,0.0,2500,111,-2.219884918142902,-1.0276365246076578,0.2181609819492189,0.17646251664357712,-2.219884918142903,0.21816098194921857,-0.929356997937136,0.23632102560923887,1.3000399535337532,-1.4858016054698204,3,LL,-1.0276365246076582,0.17646251664357646,"High Climate, Low SocioEcon",2,618329.4623674644,7124098.0011543995
2501,79800112,112,0.0,0.0,14.57,3.36,0.0,21.59,5.04,3.44,-0.018904416882489,29.31349258509284,0.155896937691173,0.334591258905752,45.45454545454545,0.0,0.000454545454545,0.0,0.0,0.000909090909091,0.000909090909091,0.0,0.000454545454545,0.000909090909091,2501,112,2.7872659072834574,0.44419783421210485,0.7171777786685921,0.5768954912781095,2.7872659072834516,0.7171777786685911,0.40607116670435006,0.5850695848844746,0.5724318892076449,3.46960942452161,1,HH,0.4441978342120995,0.5768954912781074,"High Climate, High SocioEcon",1,611311.2677882308,7128545.384102803
2502,79800113,113,51.52,10.48,71.47,2.49,6.1,84.09,44.36,37.26,0.008797844951915,30.374711611318123,0.11003101833297,0.357678944037643,61.53846153846155,0.0,0.001153846153846,0.0,0.0,0.001153846153846,0.0,0.000384615384615,0.0,0.001538461538462,2502,113,-2.477057367831539,-1.1895753209629225,0.19253096269826694,0.1324048184761876,-2.477057367831539,0.1925309626982667,-1.2842503298626873,0.14364023492166836,2.3579792082905766,-1.6505285940341696,3,LL,-1.1895753209629232,0.13240481847618685,"High Climate, Low SocioEcon",2,602100.8383848986,7131552.925921157
2503,79800114,114,40.81,38.3,73.31,11.77,6.89,84.74,54.82,32.42,-0.029559327502462,28.87107755260511,0.167298945214225,0.355031742570987,65.38461538461539,0.0,0.000384615384615,0.000384615384615,0.000384615384615,0.001153846153846,0.001153846153846,0.001153846153846,0.0,0.0,2503,114,-2.753428926584305,-1.1584122110710375,0.16498754434289875,0.14088317524105942,-2.753428926584306,0.1649875443428984,-1.0631525974371356,0.20138015510908874,0.48509511771961644,-3.1419015101464383,2,LH,-1.1584122110710382,0.14088317524105867,"High Climate, Low SocioEcon",2,591455.5692349821,7117975.67568464
2504,79800115,115,1.0,8.89,11.02,8.39,3.4,17.32,3.22,1.83,-0.0628387945669,27.702514016953092,0.179219085810678,0.339626215424261,69.23076923076923,7.692307692307694,0.001538461538462,0.0,0.000769230769231,0.002307692307692,0.0,0.0,0.000769230769231,0.001538461538462,2504,115,3.8027921146213832,1.1390056484692082,0.8183859612535844,0.7659276049769582,3.802792114621384,0.818385961253584,1.0548620792377978,0.7545020575608684,-0.8835000306695884,3.4881739501541458,1,HH,1.1390056484692075,0.7659276049769574,"Low Climate, High SocioEcon",1,598363.1414487656,7121363.54684463
2505,79800116,116,35.98,7.81,89.95,9.47,7.43,94.24,46.74,46.68,0.017178230993183,30.66179968569459,0.054394305146792,0.419941567222611,38.46153846153847,0.0,0.001923076923077,0.0,0.0,0.002307692307692,0.000769230769231,0.0,0.0,0.0,2505,116,-4.408919331461775,-1.6762434363557872,0.0,0.0,-4.408919331461774,0.0,-1.8342775921652343,0.0,4.391636680445283,-2.475247667088424,3,LL,-1.6762434363557852,0.0,"High Climate, Low SocioEcon",2,610102.630642835,7112654.6459400095
2506,79800117,117,2.48,0.0,10.85,7.22,1.27,13.96,6.33,0.0,-0.11952543214009,25.587942791114116,0.214654865406865,0.31077192278567,61.53846153846155,11.538461538461538,0.000769230769231,0.0,0.0,0.002307692307692,0.000384615384615,0.000384615384615,0.001538461538462,0.001538461538462,2506,117,5.295098633663379,1.8502450567776634,0.9671104644329678,0.9594301620001807,5.295098633663375,0.967110464432967,1.934026768506408,0.9840968997741905,-3.491491761811902,3.8309013620317605,1,HH,1.8502450567776605,0.9594301620001794,"Low Climate, High SocioEcon",1,602425.511158532,7108000.213354435
2507,79800118,118,1.86,4.36,26.19,10.07,0.0,36.41,11.29,8.91,-0.073389044218116,27.362911727745743,0.168552374825809,0.324946613980478,51.85185185185185,3.703703703703703,0.002222222222222,0.0,0.0,0.001851851851852,0.00037037037037,0.00037037037037,0.000740740740741,0.001111111111111,2507,118,3.1120844813322823,0.9755680929544747,0.7495494666780096,0.7214621485690502,3.1120844813322748,0.7495494666780084,0.9828518865330859,0.735696515170917,-1.3163336093738882,2.7331018697355343,1,HH,0.9755680929544694,0.7214621485690482,"Low Climate, High SocioEcon",1,610489.3335757151,7103188.1293194
2508,79800119,119,11.3,3.38,73.69,4.68,6.41,70.66,45.4,46.69,-0.030118235028687,28.873516251179204,0.164303388463373,0.301290603030116,53.84615384615385,0.0,0.000769230769231,0.000384615384615,0.001538461538462,0.002692307692308,0.001153846153846,0.0,0.000769230769231,0.0,2508,119,-0.15699440666106856,-0.1296374182714912,0.4237503582058846,0.4207756427875342,-0.15699440666106865,0.42375035820588425,0.1451053403332784,0.516918067358696,-0.47774956115938716,-0.7349160299043639,4,HL,-0.12963741827149267,0.4207756427875332,"Low Climate, High SocioEcon",0,591865.4653916128,7089611.007644377
2509,79800120,120,11.79,6.02,51.21,3.38,7.83,60.5,30.15,26.35,-0.040059149294417,28.701577478741424,0.133041732005129,0.354442937440807,59.25925925925926,0.0,0.001851851851852,0.0,0.00037037037037,0.002962962962963,0.001111111111111,0.0,0.0,0.001111111111111,2509,120,-0.2144511577520722,-0.2167880619471983,0.4180241708232839,0.3970651000357251,-0.21445115775207618,0.41802417082328325,-0.15607167272035813,0.4382653534424273,0.6594846502650125,0.05749884856652087,3,LL,-0.2167880619472011,0.39706510003572376,"High Climate, High SocioEcon",0,586255.4464759195,7081441.564232593
2510,79800121,121,24.07,7.34,82.7,3.47,9.87,82.11,64.43,64.91,-0.021945399440523,29.3070293040655,0.141207059140308,0.35614342486371,34.61538461538461,3.846153846153846,0.0,0.0,0.0,0.002692307692308,0.000384615384615,0.000769230769231,0.000384615384615,0.001153846153846,2510,121,-2.630696386344238,-0.9477078102989966,0.17721917091440606,0.19820823323018813,-2.630696386344237,0.1772191709144059,-0.845985781720028,0.2580935120001832,1.0970874265129817,-2.4686119637886876,3,LL,-0.9477078102989959,0.1982082332301878,"High Climate, Low SocioEcon",2,579431.3756709684,7080698.919435178
2511,79800122,122,17.29,0.0,77.76,19.3,3.24,80.19,48.11,57.52,-0.013902837539397,29.3856317380565,0.179125375126445,0.336748655679866,46.15384615384615,3.846153846153846,0.000769230769231,0.0,0.001153846153846,0.002307692307692,0.001538461538462,0.0,0.000384615384615,0.001538461538462,2511,122,-1.4192526835969304,-0.419322306455692,0.29795265329344783,0.34196284650569636,-1.4192526835969288,0.2979526532934477,-0.4138570843211471,0.37094440479216106,0.4396263185935325,-1.754526589966868,2,LH,-0.4193223064556922,0.34196284650569575,"High Climate, Low SocioEcon",0,593500.0248426086,7086495.657331429
2512,79800123,123,15.49,0.0,71.68,0.0,6.41,74.63,17.23,14.58,-0.118197946096207,26.070435438540837,0.098407132578188,0.367221027554948,34.61538461538461,0.0,0.001538461538462,0.0,0.000769230769231,0.000769230769231,0.001153846153846,0.0,0.0,0.0,2512,123,0.13030369936570552,0.0678571051773074,0.4523827253087501,0.47450677022367266,0.13030369936569883,0.4523827253087491,0.10801450693560462,0.5072317547196113,-0.8722212792573202,0.27860207485198557,4,HL,0.06785710517730419,0.47450677022367127,"Low Climate, High SocioEcon",0,605621.7874087474,7102102.055139043
2513,79800124,124,14.33,0.0,60.95,5.24,0.0,68.81,16.03,21.73,-0.083839549882068,27.241916398321912,0.099238194532863,0.362176222837469,50.0,0.0,0.0,0.0,0.000769230769231,0.002692307692308,0.0,0.0,0.0,0.001538461538462,2513,124,0.8085842284448895,0.18605325607476572,0.5199807243902727,0.5066636743009589,0.8085842284448873,0.5199807243902721,-0.06072384165149108,0.4631655462013639,-0.013779999982635176,1.2171118747674161,2,LH,0.18605325607476467,0.5066636743009582,"Low Climate, High SocioEcon",1,603356.6348991579,7098837.884991445
2514,79800125,125,0.0,1.11,37.74,4.7,0.0,36.59,7.28,9.15,-0.05983562088214,27.93479555531619,0.156893701022884,0.3709778814248,62.96296296296296,0.0,0.00037037037037,0.0,0.000740740740741,0.003703703703704,0.00037037037037,0.0,0.0,0.001481481481481,2514,125,2.3063604225148344,0.5717969131858667,0.6692503399113262,0.6116105925039445,2.3063604225148353,0.6692503399113259,0.3847145569230498,0.5794922823462797,0.09384599451547186,2.6329759299948985,1,HH,0.5717969131858662,0.6116105925039437,"High Climate, High SocioEcon",1,597997.8830206672,7092857.545721668
2515,79800126,126,2.24,0.93,8.81,4.57,0.0,13.96,5.55,4.82,-0.071702509709718,27.38056585608719,0.185747653316528,0.334255473158869,51.85185185185185,0.0,0.001481481481481,0.0,0.0,0.002592592592593,0.0,0.0,0.000740740740741,0.001851851851852,2515,126,4.145633158330382,1.1750577879459543,0.8525537835102714,0.7757360901275486,4.145633158330381,0.8525537835102708,1.087319600110651,0.762978375450339,-1.3150579048743376,3.9865264358854327,1,HH,1.1750577879459532,0.7757360901275477,"Low Climate, High SocioEcon",1,593312.1347407397,7111672.80388333
2516,79800127,127,20.17,24.9,95.58,5.68,3.52,90.79,59.81,54.9,-0.075079041065686,27.478804726263547,0.150485746529998,0.327771438799125,34.61538461538461,0.0,0.0,0.0,0.0,0.003076923076923,0.000769230769231,0.0,0.0,0.000384615384615,2516,127,-1.6883452870319768,-0.7257207691342882,0.2711346616513448,0.2586028902044842,-1.688345287031985,0.2711346616513437,-0.5038361605517477,0.347446268365809,-1.0280107730969557,-2.254892341589436,2,LH,-0.725720769134292,0.2586028902044826,"Low Climate, Low SocioEcon",0,584396.3226539658,7104256.881085087
2517,79800128,128,31.89,3.55,98.55,8.22,1.78,97.11,49.56,48.91,-0.076761561414356,27.505025816268326,0.113540986498634,0.333606082657874,76.92307692307693,0.0,0.0,0.0,0.000384615384615,0.002692307692308,0.000769230769231,0.0,0.000769230769231,0.001153846153846,2517,128,-1.2284425296077863,-0.4407288045523599,0.31696895121315055,0.3361389114562178,-1.2284425296077892,0.31696895121315,-0.4487288921552693,0.3618375931616471,-0.5008019615914334,-1.6908828756817327,3,LL,-0.4407288045523613,0.3361389114562169,"Low Climate, Low SocioEcon",0,579631.3490391512,7102963.56071581
2518,79800129,129,17.48,2.99,87.36,11.5,5.17,70.81,57.82,54.67,-0.096216294530193,26.78177899321347,0.12991204225422,0.348311786286054,38.46153846153847,0.0,0.002307692307692,0.0,0.000769230769231,0.002307692307692,0.000769230769231,0.001538461538462,0.001153846153846,0.001153846153846,2518,129,-1.1101447970224914,0.059935287264687866,0.32875860118217304,0.472351529661272,-1.1101447970224871,0.3287586011821732,0.08616916616048885,0.5015268195355885,-0.9901630823351196,-1.6839225015000372,4,HL,0.05993528726469168,0.4723515296612725,"Low Climate, Low SocioEcon",0,583305.5247822575,7099244.1279786425
2519,79800130,130,27.69,5.04,93.27,3.48,3.83,88.36,63.66,63.57,-0.068930813205283,27.76991824434366,0.093540379091574,0.38058778680348,38.46153846153847,3.846153846153846,0.001923076923077,0.0,0.000384615384615,0.005384615384615,0.001153846153846,0.000769230769231,0.000769230769231,0.000769230769231,2519,130,-2.608054035225149,-0.53456971314969,0.1794757263727052,0.31060818923407285,-2.6080540352251425,0.17947572637270565,-0.4340871501755914,0.3656613004608437,0.81767800030684,-2.4524010483787273,3,LL,-0.5345697131496846,0.31060818923407385,"High Climate, Low SocioEcon",2,581742.7599578584,7096552.496936386
2520,79800131,131,8.93,2.01,88.17,12.58,5.28,77.61,54.98,55.99,-0.043815268990014,28.58197361729256,0.113526680087329,0.362231448800975,38.46153846153847,3.846153846153846,0.001538461538462,0.0,0.000769230769231,0.005,0.002307692307692,0.0,0.0,0.001153846153846,2520,131,-2.3757707229667746,-0.5456989175867506,0.2026252735814554,0.3075803346311802,-2.3757707229667697,0.20262527358145563,-0.43990992463113854,0.36414067639724845,0.9296791808218327,-2.278810043650361,3,LL,-0.5456989175867469,0.3075803346311807,"High Climate, Low SocioEcon",2,586495.3339109446,7069128.469430677
2521,79800132,132,0.0,1.5,7.61,0.0,0.0,11.4,1.5,2.26,-0.032620025370243,28.765961832972444,0.172331171420679,0.327495239803891,40.74074074074074,7.407407407407408,0.001111111111111,0.000740740740741,0.00037037037037,0.001481481481481,0.001481481481481,0.000740740740741,0.00037037037037,0.001111111111111,2521,132,3.3933635400479902,0.9929026601004063,0.7775819705426402,0.7261782582621367,3.3933635400479836,0.7775819705426391,1.096022215220051,0.7652510731226582,-0.16753772002722153,3.401314340836034,1,HH,0.9929026601004,0.7261782582621343,"Low Climate, High SocioEcon",1,608587.4372436347,7123219.179138219
2522,79800133,133,22.99,14.02,79.77,5.98,11.5,84.15,48.63,48.85,-0.017806255347502,29.484832523598374,0.06507057341463,0.373305304011279,30.769230769230774,0.0,0.001538461538462,0.0,0.000384615384615,0.000384615384615,0.002307692307692,0.0,0.0,0.0,2522,133,-3.8147075405371575,-1.4492797450732764,0.05921963903590539,0.061748623742665924,-3.8147075405371544,0.0592196390359055,-1.3349703599454905,0.1303946423198956,2.4346039085100633,-2.7182219692976823,3,LL,-1.449279745073274,0.06174862374266604,"High Climate, Low SocioEcon",2,620328.9037681265,7124601.553972525
2523,79800134,134,0.0,0.0,11.86,5.47,0.0,22.79,0.0,0.0,-0.064724532884852,27.581873661469935,0.183446963795316,0.346184431589943,15.384615384615387,7.692307692307694,0.001153846153846,0.000384615384615,0.000769230769231,0.001153846153846,0.000384615384615,0.0,0.000769230769231,0.000769230769231,2523,134,3.849089868918299,1.2105892647676135,0.8230000337770699,0.7854029217731042,3.849089868918293,0.8230000337770688,1.1699243334411216,0.7845506939778958,-0.8882025246325933,3.8998167095344654,1,HH,1.2105892647676086,0.7854029217731024,"Low Climate, High SocioEcon",1,594404.4489276331,7116498.894271764
2524,79800135,135,3.72,0.0,60.72,5.78,1.67,63.15,23.63,28.13,0.008218228277702,30.36742655111888,0.112492853351263,0.38506138301697,50.0,0.0,0.000384615384615,0.0,0.0,0.002307692307692,0.000769230769231,0.0,0.000384615384615,0.000769230769231,2524,135,-0.40724016580784383,-0.5121370165047539,0.3988106586689931,0.31671131584800044,-0.40724016580783984,0.3988106586689932,-0.675409828288499,0.30263961307946957,2.8232229559327093,1.0185623021857537,3,LL,-0.5121370165047524,0.3167113158480003,"High Climate, High SocioEcon",2,578076.7620852605,7093920.006640255
