WardID,WardNo,in_johannesburg,hvi_published_rows,hvi,hvi_rank,hvi_quintile
79800001,1,True,0.8167305713207123,0.8155539180101163,20.0,5.0
79800002,2,True,0.8769649649331634,0.8754417600549809,8.0,5.0
79800003,3,True,0.7246760008626245,0.7239993896611848,48.0,4.0
79800004,4,True,0.68007969895786,0.6796693462883026,59.0,3.0
79800005,5,True,0.8152867265095728,0.8145610586883745,22.0,5.0
79800006,6,True,0.8853857597142646,0.8861938543569835,7.0,5.0
79800007,7,True,0.722073799964959,0.7228594994539191,49.0,4.0
79800008,8,True,0.742039909009656,0.7426406789227465,45.0,4.0
79800009,9,True,0.24606729639028074,0.24355383349915538,109.0,1.0
79800010,10,True,0.6386549545401162,0.6381181017669896,73.0,3.0
79800011,11,True,0.6500402247783477,0.6502754568852924,70.0,3.0
79800012,12,True,0.7590592927886805,0.7582698925687273,39.0,4.0
79800013,13,True,0.5376715019532753,0.5377718093266344,86.0,2.0
79800014,14,True,0.5439216445625239,0.5448518505600541,85.0,2.0
79800015,15,True,0.9007698274462316,0.9005005880237521,4.0,5.0
79800016,16,True,0.740562866837668,0.7383511377239942,46.0,4.0
79800017,17,True,0.6665343337580099,0.666639893251052,67.0,3.0
79800018,18,True,0.5684106512078285,0.5671817673238211,82.0,2.0
79800019,19,True,0.7589716506461617,0.7561720654852608,40.0,4.0
79800020,20,True,0.749053788207221,0.7477687849422674,44.0,4.0
79800021,21,True,0.7492664860838065,0.7486933159536829,43.0,4.0
79800022,22,True,0.6611441621024355,0.6607772328616964,68.0,3.0
79800023,23,True,0.28609392085608026,0.28636995384344033,101.0,2.0
79800024,24,True,0.7485390992014004,0.7490909904579846,42.0,4.0
79800025,25,True,0.7066756894821847,0.7034448392263413,53.0,4.0
79800026,26,True,0.677153404547671,0.6755756366201914,62.0,3.0
79800027,27,True,0.639503189769682,0.6385013571045076,72.0,3.0
79800028,28,True,0.6544003233237758,0.6544232438911626,69.0,3.0
79800029,29,True,0.6383218240838214,0.6372441850661953,74.0,3.0
79800030,30,True,0.7960245509966858,0.7968260331147249,25.0,5.0
79800031,31,True,0.775695529648432,0.7766881200314991,31.0,4.0
79800032,32,True,0.2850895584056196,0.2859725688854166,102.0,2.0
79800033,33,True,0.6784205481569394,0.6774809281926812,61.0,3.0
79800034,34,True,0.7656265561895246,0.7653082763723703,36.0,4.0
79800035,35,True,0.8417059695450166,0.8399905180793936,14.0,5.0
79800036,36,True,0.6339801384135072,0.6339297140002618,75.0,3.0
79800037,37,True,0.7828685534387589,0.7832052745013003,29.0,4.0
79800038,38,True,0.6828052470886976,0.6834913965879394,58.0,3.0
79800039,39,True,0.7685356408500662,0.7685577820652507,34.0,4.0
79800040,40,True,0.7601570808334402,0.7607162955361453,38.0,4.0
79800041,41,True,0.8349083666846001,0.8344551945687845,16.0,5.0
79800042,42,True,0.7005151313965132,0.7011180717387537,55.0,3.0
79800043,43,True,0.7048631053120707,0.7037683805674814,52.0,4.0
79800044,44,True,0.7507613213513413,0.7510857842754021,41.0,4.0
79800045,45,True,0.815688215027855,0.8147574220157149,21.0,5.0
79800046,46,True,0.7064721704954015,0.705383308180096,51.0,4.0
79800047,47,True,0.7628262896552825,0.7612418926246672,37.0,4.0
79800048,48,True,0.8146839428919281,0.8135897682519639,23.0,5.0
79800049,49,True,0.6785914271806871,0.6789725278475217,60.0,3.0
79800050,50,True,0.7910841670331189,0.7916406120660979,27.0,5.0
79800051,51,True,0.777151166122177,0.7751349301343711,32.0,4.0
79800052,52,True,0.7926330866551059,0.7914357374914993,28.0,4.0
79800053,53,True,0.840242269405344,0.8404300815910639,12.0,5.0
79800054,54,True,0.21584467242628014,0.2167033621848002,114.0,1.0
79800055,55,True,0.34826042620663195,0.3460566541196426,95.0,2.0
79800056,56,True,0.3738596822197918,0.37344241146383633,94.0,2.0
79800057,57,True,0.4112226189382427,0.4110381338997008,91.0,2.0
79800058,58,True,0.39055599740184155,0.3896499955084714,92.0,2.0
79800059,59,True,0.6717490490501753,0.6722427283542777,65.0,3.0
79800060,60,True,0.5899934444164731,0.5915170066960133,78.0,3.0
79800061,61,True,0.7209431650568385,0.7216274962319668,50.0,4.0
79800062,62,True,0.5461602800940939,0.5475185225452787,84.0,2.0
79800063,63,True,0.6719001186896103,0.6733770173655256,64.0,3.0
79800064,64,True,0.46086477327000797,0.4609944267136768,90.0,2.0
79800065,65,True,0.7695006698817319,0.7694671457205937,33.0,4.0
79800066,66,True,0.4716791321882644,0.47105391400740476,89.0,2.0
79800067,67,True,0.2552440544656728,0.25613824696543647,106.0,2.0
79800068,68,True,0.6874623448186796,0.687582684730035,56.0,3.0
79800069,69,True,0.3292850048781898,0.3297272145805839,97.0,2.0
79800070,70,True,0.30676671882576473,0.3059532609597606,100.0,2.0
79800071,71,True,0.23610463342334895,0.235168920398787,111.0,1.0
79800072,72,True,0.07841607817976515,0.07799504184112364,131.0,1.0
79800073,73,True,0.0927419824275355,0.09343913439905416,129.0,1.0
79800074,74,True,0.14281395386400003,0.14340231589371896,123.0,1.0
79800075,75,True,0.8591583222079286,0.8592160727362912,10.0,5.0
79800076,76,True,0.8334059394672247,0.8333358674229379,17.0,5.0
79800077,77,True,0.8921524245496022,0.8923521862544614,6.0,5.0
79800079,79,True,0.8976077102325846,0.8983403797933932,5.0,5.0
79800080,80,True,0.8677809002729903,0.868715206339596,9.0,5.0
79800081,81,True,0.32666120108042385,0.32768393121805167,98.0,2.0
79800082,82,True,0.5291531990242531,0.529920001754243,87.0,2.0
79800083,83,True,0.16128338579325863,0.16241651750533273,121.0,1.0
79800084,84,True,0.27487625786482783,0.27530578360697905,104.0,2.0
79800085,85,True,0.2451263879323135,0.24599626496168467,108.0,1.0
79800086,86,True,0.25980517403897846,0.2597636701347908,105.0,2.0
79800087,87,True,0.0,0.0,134.0,1.0
79800088,88,True,0.05836292854779909,0.05851706193198275,132.0,1.0
79800089,89,True,0.18437394420219397,0.18528146823588415,118.0,1.0
79800090,90,True,0.0815131208109751,0.08320848628411594,130.0,1.0
79800091,91,True,0.30607121172087626,0.3073669571019701,99.0,2.0
79800092,92,True,0.6731097584703675,0.6744665749836422,63.0,3.0
79800093,93,True,0.21298814119278509,0.2135874147618353,115.0,1.0
79800094,94,True,0.19684858265122507,0.19809265792792732,116.0,1.0
79800095,95,True,0.839474729017136,0.8409536884573232,11.0,5.0
79800096,96,True,0.6384331125822973,0.639019825871752,71.0,3.0
79800097,97,True,0.23642215177674472,0.23694671046013044,110.0,1.0
79800098,98,True,0.19364749299787837,0.19540908996420533,117.0,1.0
79800099,99,True,0.11727689595562726,0.11645812965376882,126.0,1.0
79800100,100,True,0.5782877418852851,0.5784933079107475,80.0,3.0
79800101,101,True,0.134144258583854,0.13388641835373294,124.0,1.0
79800102,102,True,0.21554340793646182,0.2170326230420321,113.0,1.0
79800103,103,True,0.09614755171645237,0.09796887165049208,128.0,1.0
79800104,104,True,0.10956684481800415,0.10882813014601667,127.0,1.0
79800105,105,True,0.7658221142410961,0.7655126953916486,35.0,4.0
79800106,106,True,0.1286915795902326,0.13002106947088368,125.0,1.0
79800107,107,True,0.9531386488705184,0.9529450772236738,2.0,5.0
79800108,108,True,0.8395479268882379,0.840023348746545,13.0,5.0
79800109,109,True,0.37633940733647514,0.37690981264986106,93.0,2.0
79800110,110,True,0.6315431007162317,0.6310983358491739,76.0,3.0
79800111,111,True,0.7818390180507815,0.7818388774895807,30.0,4.0
79800112,112,True,0.28282222133140883,0.28399878351103286,103.0,2.0
79800113,113,True,0.8074690373017334,0.8083393917942934,24.0,5.0
79800114,114,True,0.8350124556571016,0.835171672448676,15.0,5.0
79800115,115,True,0.18161403874641602,0.18188939138631047,119.0,1.0
79800116,116,True,1.0,1.0,1.0,5.0
79800117,117,True,0.032889535567033154,0.03395632128075079,133.0,1.0
79800118,118,True,0.2504505333219917,0.25129945188069575,107.0,2.0
79800119,119,True,0.5762496417941159,0.574960527306484,81.0,2.0
79800120,120,True,0.5819758291767169,0.5822695709087985,79.0,3.0
79800121,121,True,0.8227808290855942,0.8231865181185096,18.0,5.0
79800122,122,True,0.7020473467065526,0.7011950452770688,54.0,4.0
79800123,123,True,0.547617274691251,0.5480954562286638,83.0,2.0
79800124,124,True,0.4800192756097279,0.48045049459658906,88.0,2.0
79800125,125,True,0.33074966008867424,0.33099995793216996,96.0,2.0
79800126,126,True,0.14744621648972916,0.14860828128051193,122.0,1.0
79800127,127,True,0.7288653383486563,0.7299673945980866,47.0,4.0
79800128,128,True,0.6830310487868501,0.6836012700125299,57.0,3.0
79800129,129,True,0.671241398817827,0.6704888969872771,66.0,3.0
79800130,130,True,0.8205242736272945,0.8195233122308415,19.0,5.0
79800131,131,True,0.7973747264185446,0.7962196653757889,26.0,5.0
79800132,132,True,0.22241802945736097,0.22180622327986294,112.0,1.0
79800133,133,True,0.9407803609640946,0.9409097257838286,3.0,5.0
79800134,134,True,0.17699996622293118,0.17674176065596578,120.0,1.0
79800135,135,True,0.6011893413310069,0.6017444558359929,77.0,3.0
74205010,10,False,0.6670002987664795,,,
